state,city,name,holc_id,holc_grade,neighborho,area_descr,TOTALPOP,NUM_MINORITY,WHITE,BLACK,AMERIND,ASIAN,HAWPAC,OTHER_RACE,TWOMORE,HISP,NHWHITE,NHBLACK,NHAMERIND,NHASIAN,NHHAWPAC,NHOTHER_RACE,NHTWOMORE,MALES,FEMALES,AGE_LT5,AGE_LT18,AGE_GT17,AGE_GT64,HSHLD_INCOME,LESS_15,15_20,25_50,50_75,PLUS75,HSUNITS,HSUNITS_PRE1950,OCCHU,OWNHU,RENTHU,TOTAL_PLUS25,NO_HS,NO_DIPLOMA,HS_GRAD,SOME_COLLEGE,ASSOC_DEGREE,BACH_DEGREE,LAN_UNIVERSE,ENG_ONLY,NON_ENG_HOME,ENG_VERY_WELL,ENG_WELL,ENG_NOT_WELL,ENG_NOT,ENG_LESS_WELL,ENG_LESS_VERYWELL,AREALAND,AREAWATER,LINGISO,HLI_SPANISH_LI,HLI_IE_LI,HLI_API_LI,HLI_OTHER_LI,HH_BPOV,EMP_STAT_UNIVERSE,EMP_STAT_IN_LF,EMP_STAT_NOT_IN_LF,EMP_STAT_UNEMPLOYED,LOWINC,POV_UNIVERSE_FRT,DISABILITY,DISAB_UNIVERSE,M_TOTALPOP,M_NUM_MINORITY,M_WHITE,M_BLACK,M_AMERIND,M_ASIAN,M_HAWPAC,M_OTHER_RACE,M_TWOMORE,M_HISP,M_NHWHITE,M_NHBLACK,M_NHAMERIND,M_NHASIAN,M_NHHAWPAC,M_NHOTHER_RACE,M_NHTWOMORE,M_MALES,M_FEMALES,M_AGE_LT5,M_AGE_LT18,M_AGE_GT17,M_AGE_GT64,M_HSHLD_INCOME,M_PER_CAP_INC,M_LESS_15,M_15_20,M_25_50,M_50_75,M_PLUS75,M_HSUNITS,M_HSUNITS_PRE1950,M_OCCHU,M_OWNHU,M_RENTHU,M_TOTAL_PLUS25,M_NO_HS,M_NO_DIPLOMA,M_HS_GRAD,M_SOME_COLLEGE,M_ASSOC_DEGREE,M_BACH_DEGREE,M_LAN_UNIVERSE,M_ENG_ONLY,M_NON_ENG_HOME,M_ENG_VERY_WELL,M_ENG_WELL,M_ENG_NOT_WELL,M_ENG_NOT,M_ENG_LESS_WELL,M_ENG_LESS_VERYWELL,M_LINGISO,M_HLI_SPANISH_LI,M_HLI_IE_LI,M_HLI_API_LI,M_HLI_OTHER_LI,M_HH_BPOV,M_EMP_STAT_UNIVERSE,M_EMP_STAT_IN_LF,M_EMP_STAT_NOT_IN_LF,M_EMP_STAT_UNEMPLOYED,M_LOWINC,M_POV_UNIVERSE_FRT,M_DISABILITY,M_DISAB_UNIVERSE,P_TOTAL_PLUS25,P_SOME_COLLEGE,P_NO_DIPLOMA,P_ASSOC_DEGREE,P_NO_HS,P_BACH_DEGREE,P_HS_GRAD,P_ENG_VERY_WELL,P_ENG_LESS_VERYWELL,P_DISAB_UNIVERSE,P_ENG_WELL,P_ENG_NOT_WELL,P_DISABILITY,P_ENG_NOT,P_ENG_ONLY,P_ENG_LESS_WELL,P_NON_ENG_HOME,P_LAN_UNIVERSE,P_LESS_15,P_PLUS75,P_HSHLD_INCOME,P_15_20,P_50_75,P_25_50,P_LINGISO,P_HLI_OTHER_LI,P_HLI_API_LI,P_HLI_IE_LI,P_HLI_SPANISH_LI,P_EMP_STAT_IN_LF,P_EMP_STAT_NOT_IN_LF,P_EMP_STAT_UNIVERSE,P_EMP_STAT_UNEMPLOYED,P_POV_UNIVERSE_FRT,P_LOWINC,POP_DEN,PCT_MINORITY,PCT_AREALAND,PCT_AREAWATER,ONERACE,M_ONERACE,TOTAL_POP,TOTAL_NHPOP,P_TOTALPOP,P_ONERACE,P_WHITE,P_BLACK,P_AMERIND,P_ASIAN,P_HAWPAC,P_OTHER_RACE,P_TWOMORE,P_HISP,P_NHWHITE,P_NHBLACK,P_NHAMERIND,P_NHASIAN,P_NHHAWPAC,P_NHOTHER_RACE,P_NHTWOMORE,P_MALES,P_FEMALES,P_AGE_LT5,P_AGE_LT18,P_AGE_GT17,P_AGE_GT64,M_TOTAL_POP,P_TOTAL_POP,TOTAL_HSHLD_TENURE,OWN_OCCUPIED,RENT_OCCUPIED,M_TOTAL_HSHLD_TENURE,M_OWN_OCCUPIED,M_RENT_OCCUPIED,HSHOLDS,P_OWN_OCCUPIED,P_RENT_OCCUPIED,P_TOTAL_HSHLD_TENURE,PER_CAP_INC,LIFEEXP,P_EDU_LTHS,P_HSUNITS_PRE1950,P_LIMITED_ENG_HH,LAN_UNIVERSE2,ENGLISH,SPANISH,FRENCH,GERMAN,RUS_POL_SLAV,OTHER_IE,KOREAN,CHINESE,VIETNAMESE,TAGALOG,OTHER_ASIAN,ARABIC,OTHER,NON_ENGLISH,M_LAN_UNIVERSE2,M_ENGLISH,M_SPANISH,M_FRENCH,M_GERMAN,M_RUS_POL_SLAV,M_OTHER_IE,M_KOREAN,M_CHINESE,M_VIETNAMESE,M_TAGALOG,M_OTHER_ASIAN,M_ARABIC,M_OTHER,M_NON_ENGLISH,P_SPANISH,P_OTHER_ASIAN,P_GERMAN,P_CHINESE,P_VIETNAMESE,P_TAGALOG,P_LAN_UNIVERSE2,P_RUS_POL_SLAV,P_OTHER,P_FRENCH,P_NON_ENGLISH,P_ENGLISH,P_KOREAN,P_OTHER_IE,P_ARABIC,RAW_D_PEOPCOLOR,RAW_D_INCOME,RAW_D_LESSHS,RAW_D_LING,RAW_D_UNDER5,RAW_D_OVER64,RAW_D_UNEMPLOYED,RAW_D_LIFEEXP,RAW_D_DEMOGIDX2,RAW_D_DEMOGIDX5,RAW_E_LEAD,RAW_E_DIESEL,RAW_E_CANCER,RAW_E_RESP,RAW_E_TRAFFIC,RAW_E_NPDES,RAW_E_NPL,RAW_E_RMP,RAW_E_TSDF,RAW_E_O3,RAW_E_PM25,RAW_E_UST,RAW_E_RSEI_AIR,S_D_PEOPCOLOR,S_D_INCOME,S_D_LESSHS,S_D_LING,S_D_UNDER5,S_D_OVER64,S_D_UNEMPLOYED,S_D_LIFEEXP,S_D_DEMOGIDX2,S_D_DEMOGIDX5,S_E_LEAD,S_E_DIESEL,S_E_CANCER,S_E_RESP,S_E_TRAFFIC,S_E_NPDES,S_E_NPL,S_E_RMP,S_E_TSDF,S_E_O3,S_E_PM25,S_E_UST,S_E_RSEI_AIR,S_D_PEOPCOLOR_PER,S_D_INCOME_PER,S_D_LESSHS_PER,S_D_LING_PER,S_D_UNDER5_PER,S_D_OVER64_PER,S_D_UNEMPLOYED_PER,S_D_LIFEEXP_PER,S_D_DEMOGIDX2_PER,S_D_DEMOGIDX5_PER,S_E_LEAD_PER,S_E_DIESEL_PER,S_E_CANCER_PER,S_E_RESP_PER,S_E_TRAFFIC_PER,S_E_NPDES_PER,S_E_NPL_PER,S_E_RMP_PER,S_E_TSDF_PER,S_E_O3_PER,S_E_PM25_PER,S_E_UST_PER,S_E_RSEI_AIR_PER,S_P2_LEAD,S_P2_DIESEL,S_P2_CANCER,S_P2_RESP,S_P2_TRAFFIC,S_P2_NPDES,S_P2_NPL,S_P2_RMP,S_P2_TSDF,S_P2_O3,S_P2_PM25,S_P2_UST,S_P2_RSEI_AIR,S_P5_LEAD,S_P5_DIESEL,S_P5_CANCER,S_P5_RESP,S_P5_TRAFFIC,S_P5_NPDES,S_P5_NPL,S_P5_RMP,S_P5_TSDF,S_P5_O3,S_P5_PM25,S_P5_UST,S_P5_RSEI_AIR,N_D_PEOPCOLOR,N_D_INCOME,N_D_LESSHS,N_D_LING,N_D_UNDER5,N_D_OVER64,N_D_UNEMPLOYED,N_D_LIFEEXP,N_D_DEMOGIDX2,N_D_DEMOGIDX5,N_E_LEAD,N_E_DIESEL,N_E_CANCER,N_E_RESP,N_E_TRAFFIC,N_E_NPDES,N_E_NPL,N_E_RMP,N_E_TSDF,N_E_O3,N_E_PM25,N_E_UST,N_E_RSEI_AIR,N_D_PEOPCOLOR_PER,N_D_INCOME_PER,N_D_LESSHS_PER,N_D_LING_PER,N_D_UNDER5_PER,N_D_OVER64_PER,N_D_UNEMPLOYED_PER,N_D_LIFEEXP_PER,N_D_DEMOGIDX2_PER,N_D_DEMOGIDX5_PER,N_E_LEAD_PER,N_E_DIESEL_PER,N_E_CANCER_PER,N_E_RESP_PER,N_E_TRAFFIC_PER,N_E_NPDES_PER,N_E_NPL_PER,N_E_RMP_PER,N_E_TSDF_PER,N_E_O3_PER,N_E_PM25_PER,N_E_UST_PER,N_E_RSEI_AIR_PER,N_P2_LEAD,N_P2_DIESEL,N_P2_CANCER,N_P2_RESP,N_P2_TRAFFIC,N_P2_NPDES,N_P2_NPL,N_P2_RMP,N_P2_TSDF,N_P2_O3,N_P2_PM25,N_P2_UST,N_P2_RSEI_AIR,N_P5_LEAD,N_P5_DIESEL,N_P5_CANCER,N_P5_RESP,N_P5_TRAFFIC,N_P5_NPDES,N_P5_NPL,N_P5_RMP,N_P5_TSDF,N_P5_O3,N_P5_PM25,N_P5_UST,N_P5_RSEI_AIR,stateAbbr,stateName,epaRegion,totalPop,NUM_NPL,NUM_TSDF,NUM_WATERDIS,NUM_AIRPOLL,NUM_BROWNFIELD,NUM_TRI,NUM_SCHOOL,NUM_HOSPITAL,NUM_CHURCH,YESNO_TRIBAL,YESNO_CEJSTDIS,YESNO_IRADIS,YESNO_AIRNONATT,YESNO_IMPWATERS,YESNO_HOUSEBURDEN,YESNO_TRANSDIS,YESNO_FOODDESERT,centroidX,centroidY,statLayerCount,statLayerZeroPopCount,weightLayerCount,timeSeconds,distance,unit,statlevel,inputAreaMiles,placename,RAW_HI_LIFEEXP,RAW_HI_LIFEEXPPCT,RAW_HI_HEARTDISEASE,RAW_HI_ASTHMA,RAW_HI_CANCER,RAW_HI_DISABILITYPCT,RAW_CG_LIMITEDBBPCT,RAW_CG_NOHINCPCT,RAW_CI_FLOOD,RAW_CI_FLOOD30,RAW_CI_FIRE,RAW_CI_FIRE30,S_HI_LIFEEXP_AVG,S_HI_LIFEEXPPCT_AVG,S_HI_HEARTDISEASE_AVG,S_HI_ASTHMA_AVG,S_HI_CANCER_AVG,S_HI_DISABILITYPCT_AVG,S_CG_LIMITEDBBPCT_AVG,S_CG_NOHINCPCT_AVG,S_CI_FLOOD_AVG,S_CI_FLOOD30_AVG,S_CI_FIRE_AVG,S_CI_FIRE30_AVG,S_HI_LIFEEXP_PCTILE,S_HI_LIFEEXPPCT_PCTILE,S_HI_HEARTDISEASE_PCTILE,S_HI_ASTHMA_PCTILE,S_HI_CANCER_PCTILE,S_HI_DISABILITYPCT_PCTILE,S_CG_LIMITEDBBPCT_PCTILE,S_CG_NOHINCPCT_PCTILE,S_CI_FLOOD_PCTILE,S_CI_FLOOD30_PCTILE,S_CI_FIRE_PCTILE,S_CI_FIRE30_PCTILE,N_HI_LIFEEXP_AVG,N_HI_LIFEEXPPCT_AVG,N_HI_HEARTDISEASE_AVG,N_HI_ASTHMA_AVG,N_HI_CANCER_AVG,N_HI_DISABILITYPCT_AVG,N_CG_LIMITEDBBPCT_AVG,N_CG_NOHINCPCT_AVG,N_CI_FLOOD_AVG,N_CI_FLOOD30_AVG,N_CI_FIRE_AVG,N_CI_FIRE30_AVG,N_HI_LIFEEXP_PCTILE,N_HI_LIFEEXPPCT_PCTILE,N_HI_HEARTDISEASE_PCTILE,N_HI_ASTHMA_PCTILE,N_HI_CANCER_PCTILE,N_HI_DISABILITYPCT_PCTILE,N_CG_LIMITEDBBPCT_PCTILE,N_CG_NOHINCPCT_PCTILE,N_CI_FLOOD_PCTILE,N_CI_FLOOD30_PCTILE,N_CI_FIRE_PCTILE,N_CI_FIRE30_PCTILE,geometry
AZ,Phoenix,NA,A1,A,8480,"{ ""1"" : ""This is considered the best and most exclusive residential district in Phoenix. The northern half is known as Encanto and the southern half as Palmcroft. This was the last subdivision created before the depression. Houses therein range in price",480,96,432,0,0,0,0,15,33,82,384,0,0,0,0,0,14,257,223,30,41,439,103,246,0,10,28,26,182,246,160,246,187,59,417,0,0,35,35,29,318,450,346,104,87,17,0,0,0,17,0.24,0,0,0,0,0,0,0,439,355,84,0,10,480,78,920,133,169,124,13,13,13,13,22,32,58,105,13,13,13,13,13,21,83,89,27,40,123,55,63,24944,18,20,40,30,69,63,54,63,55,38,111,37,37,35,36,28,90,121,108,75,72,46,45,45,64,79,26,13,13,13,13,13,118,112,43,13,189,133,32,140,100,8,0,7,0,76,8,19,4,204,4,0,17,0,77,0,23,100,0,74,100,4,11,11,0,0,0,0,0,81,19,100,0,100,2,1997,20,100,0,447,198,480,398,100,93,90,0,0,0,0,3,7,17,80,0,0,0,0,0,3,54,46,6,9,91,21,133,100,246,187,59,63,55,38,246,76,24,100,83940,77,0,65,0,873,748,83,0,0,4,16,0,0,0,4,10,8,0,125,381,392,94,39,13,16,39,13,13,13,16,39,25,13,547,9,1,0,0,0,0,100,0,0,0,14,86,0,2,1,20%,2%,0%,0%,6%,21%,0%,21%,11%,5%,0.73,0.582,30,0.5,360,0.015,0.093,1.2,4.5,69.1,7.45,2.2,1200,44%,32%,12%,4%,5%,20%,6%,19%,38%,14%,0.089,0.278,25,0.31,190,5.8,0.077,0.38,0.71,66.1,5.87,1.7,2800,23,3,0,0,63,69,0,64,8,5,98,98,43,95,87,38,79,92,96,67,92,74,80,54,44,33,51,38,17,37,42,43,28,42,39,39,53,46,33,54,40,17,38,43,46,28,42,39,41,39%,31%,12%,5%,6%,17%,6%,20%,35%,14%,0.3,0.261,25,0.31,210,22,0.13,0.43,1.9,61.6,8.08,3.9,4600,38,4,0,0,63,72,0,63,12,4,87,94,52,92,86,71,64,90,87,92,31,60,63,43,46,55,55,41,36,35,44,43,45,19,38,33,36,43,53,54,39,31,28,41,40,40,15,30,28,AZ,ARIZONA,9,480,0,0,0,0,0,0,1,0,0,No,Yes,Yes,Yes,No,Yes,No,Yes,-12477474.405052451,3957793.132312214,1,0,28,1.0522209,0,9035,blockgroup,0.25,"Phoenix, AZ",77.3,21%,5.3,9.3,6.8,8.5%,0%,2%,3%,4%,0%,0%,78.5,19%,6,10.6,6.1,13.9%,13%,10%,6%,7%,48%,53%,36,64,46,10,69,20,0,11,57,63,0,0,78.5,20%,6.1,10,6.1,13.4%,14%,9%,12%,13%,14%,19%,37,63,35,33,64,22,0,14,28,36,0,0,"list(c(-112.082796340404, -112.08278982133, -112.082789846483, -112.082789916552, -112.082793614916, -112.082774901212, -112.090040945049, -112.091284658068, -112.091265673073, -112.082854232333, -112.082796340404, 33.4692168656097, 33.4687708012286, 33.4687660113033, 33.4687708012286, 33.4687708626763, 33.4658119288123, 33.4658959037027, 33.46589907511, 33.4732436568617, 33.4731779119127, 33.4692168656097))"
AZ,Phoenix,NA,A2,A,8479,"{ ""1"" : ""This area closely resembles A-1 as to the grades of security, but is probably not as highly restricted."" }",839,248,701,35,0,70,0,0,33,123,591,35,0,70,0,0,19,358,480,23,89,749,212,513,39,30,69,65,310,677,313,513,329,184,711,0,16,92,92,33,477,815,700,115,45,70,0,0,0,70,0.18,0,39,13,0,13,13,39,767,528,239,0,120,839,105,1106,295,368,234,57,13,98,13,13,48,90,220,57,13,98,13,13,37,163,200,36,80,246,110,178,31361,54,45,79,64,174,178,126,178,158,100,249,37,46,112,78,52,204,278,246,100,75,82,45,45,64,104,48,25,13,25,29,53,251,230,124,13,426,295,75,183,100,13,2,5,0,67,13,6,9,136,9,0,13,0,86,0,14,100,8,60,100,6,13,13,100,34,32,0,34,69,31,100,0,100,14,4600,30,100,0,806,428,839,715,100,96,84,4,0,8,0,0,4,15,70,4,0,8,0,0,2,43,57,3,11,89,25,295,100,513,329,184,178,158,100,513,64,36,100,97132,78,2,46,8,1390,1070,206,0,0,0,84,0,5,0,0,15,5,5,320,516,546,302,176,13,13,251,13,25,13,13,67,26,29,751,15,1,0,0,0,0,100,0,0,0,23,77,0,6,0,30%,14%,2%,8%,3%,25%,0%,20%,22%,9%,0.51,0.476,30,0.4,420,0.015,0.1,0.91,4.3,69.4,7.36,1.1,1300,44%,32%,12%,4%,5%,20%,6%,19%,38%,14%,0.089,0.278,25,0.31,190,5.8,0.077,0.38,0.71,66.1,5.87,1.7,2800,37,24,23,82,33,75,0,52,28,29,95,90,43,54,90,37,82,90,96,71,89,56,82,65,62,55,54,62,31,58,62,65,56,64,48,59,65,65,58,57,64,30,61,65,69,59,68,48,63,39%,31%,12%,5%,6%,17%,6%,20%,35%,14%,0.3,0.261,25,0.31,210,22,0.13,0.43,1.9,61.6,8.08,3.9,4600,49,26,20,81,29,81,0,53,36,27,74,90,52,70,88,71,67,86,87,92,28,48,64,61,64,63,66,61,58,57,63,62,66,31,48,55,54,66,62,67,63,55,56,62,64,68,25,42,51,AZ,ARIZONA,9,839,0,0,0,0,0,0,0,0,0,No,No,No,Yes,No,No,No,No,-12476450.929892864,3957899.9860950666,1,0,16,1.0256912,0,9035,blockgroup,0.19,"Phoenix, AZ",78.3,20%,4.8,9.2,6.2,9.5%,11%,6%,5%,10%,0%,0%,78.5,19%,6,10.6,6.1,13.9%,13%,10%,6%,7%,48%,53%,47,52,37,8,62,27,57,36,68,78,0,0,78.5,20%,6.1,10,6.1,13.4%,14%,9%,12%,13%,14%,19%,47,53,24,30,50,28,49,47,44,62,0,0,"list(c(-112.073727989545, -112.073735592886, -112.073735956703, -112.073737225124, -112.073737320346, -112.075937094152, -112.075937285493, -112.0759409614, -112.075983679885, -112.075983775106, -112.076006041647, -112.08279150118, -112.082789846483, -112.08278982133, -112.082796340404, -112.082854232333, -112.082854321266, -112.080528365603, -112.079161323777, -112.079161228555, -112.073967554062, -112.07396745884, -112.07372800302, -112.073727907798, -112.073727989545, 33.4729711760603, 33.4670351208893, 
33.4667507968502, 33.4657601670623, 33.4657601678117, 33.4657756958903, 33.4657866691841, 33.4659970087394, 33.4684414198092, 33.4684414198092, 33.4684414535306, 33.4684517378202, 33.4687660113033, 33.4687708012286, 33.4692168656097, 33.4731779119127, 33.473184024901, 33.4731460319001, 33.4731237027711, 33.4731237012724, 33.4730388679141, 33.4730388664154, 33.4730349549357, 33.4730349541863, 33.4729711760603))"
AZ,Phoenix,NA,A3,A,8484,"{ ""1"" : ""This is the oldest of the best residential sections of Phoenix and is still considered among the very best in the city. Within this area are some large and high-priced homes, some ranging in age between twenty-five years and thirty years. Promin",959,367,645,43,0,85,0,27,158,152,592,43,0,85,0,0,87,484,475,71,166,793,100,453,126,31,32,81,183,542,42,453,238,215,747,0,28,104,83,7,525,889,617,272,176,72,11,12,24,95,0.23,0,69,12,57,0,0,166,797,600,197,43,297,959,76,802,527,635,358,90,13,174,13,71,268,257,355,90,13,174,13,13,183,250,336,166,187,333,124,231,33776,191,88,76,112,156,233,58,231,227,131,368,37,81,187,106,21,361,419,358,231,186,174,78,82,113,186,170,65,169,13,13,187,382,319,159,85,725,527,53,129,100,11,4,1,0,70,14,20,11,90,8,1,9,1,69,3,31,100,28,40,100,7,18,7,100,0,0,83,17,75,25,100,7,100,31,4237,38,100,0,801,719,959,808,100,84,67,4,0,9,0,3,16,16,62,4,0,9,0,0,9,50,50,7,17,83,10,527,100,453,238,215,231,227,131,453,53,47,100,52360,78,4,8,15,979,754,145,0,0,0,59,0,3,0,0,10,3,4,225,516,546,302,176,13,13,251,13,25,13,13,67,26,29,751,15,1,0,0,0,0,100,0,0,0,23,77,0,6,0,38%,31%,4%,15%,7%,10%,7%,20%,35%,15%,0.41,0.476,30,0.4,670,0.014,0.11,0.67,3.9,69.4,7.36,1.3,1300,44%,32%,12%,4%,5%,20%,6%,19%,38%,14%,0.089,0.278,25,0.31,190,5.8,0.077,0.38,0.71,66.1,5.87,1.7,2800,50,54,32,93,71,36,70,52,52,62,92,90,43,54,95,36,84,86,95,71,89,60,81,75,76,70,71,78,44,75,75,78,74,77,43,73,80,83,77,79,84,50,83,81,84,82,83,46,80,39%,31%,12%,5%,6%,17%,6%,20%,35%,14%,0.3,0.261,25,0.31,210,22,0.13,0.43,1.9,61.6,8.08,3.9,4600,57,56,29,90,71,28,70,53,58,63,67,90,52,70,93,70,69,81,85,92,28,51,64,72,77,73,79,77,72,71,75,75,80,43,43,70,73,85,77,84,84,77,77,80,82,87,41,39,74,AZ,ARIZONA,9,959,0,0,0,0,0,0,1,0,1,No,No,Yes,Yes,No,No,No,No,-12475543.936844783,3957910.7489396706,2,0,12,0.9355115,0,9035,blockgroup,0.24,"Phoenix, AZ",78.3,20%,4.8,9.2,6.2,9.5%,1%,6%,11%,14%,0%,0%,78.5,19%,6,10.6,6.1,13.9%,13%,10%,6%,7%,48%,53%,47,52,37,8,62,27,17,36,82,85,0,0,78.5,20%,6.1,10,6.1,13.4%,14%,9%,12%,13%,14%,19%,47,53,24,30,50,28,13,47,70,75,0,0,"list(c(-112.065249038615, -112.065183236122, -112.065596736936, -112.073735956703, -112.073735592886, -112.073727989545, -112.073727907798, -112.07372800302, -112.073698158291, -112.073684378135, -112.069280557236, -112.069244409927, -112.069237841446, -112.069117717828, -112.065249989032, -112.065249865065, -112.065249038615, 33.4729821544376, 33.466733592583, 33.4667481710227, 33.4667507968502, 33.4670351208893, 33.4729711760603, 33.4730349541863, 33.4730349549357, 33.4742548492404, 33.4748180843351, 
33.4748347789652, 33.4730016196795, 33.4730015874584, 33.4730010022349, 33.4729950008833, 33.4729821581843, 33.4729821544376))"
AZ,Phoenix,NA,A4,A,8482,"{ ""1"" : ""The eastern portion of this is the newest subdivision in Phoenix now under development. It is known as Country Club Manor. Houses therein range in cost from $7,500 to $40,000. The area is well planned and highly restricted. The two strips on 7th",605,99,507,9,55,9,0,8,18,8,507,9,55,9,0,0,18,310,295,11,24,582,153,348,23,12,105,80,128,419,62,348,120,228,523,5,0,93,133,38,252,594,548,46,46,0,0,0,0,0,0.23,0,0,0,0,0,0,23,582,446,136,28,140,605,99,826,296,441,327,24,159,26,13,22,34,22,327,24,159,26,13,13,34,208,210,40,55,300,130,157,8540,74,30,115,93,127,171,71,157,78,146,294,37,37,131,105,72,172,283,289,97,97,45,45,45,64,78,26,13,13,13,13,73,285,256,119,84,388,296,87,337,100,26,0,7,1,48,18,8,0,139,0,0,17,0,92,0,8,100,7,37,100,3,23,30,0,0,0,0,0,77,23,100,6,100,23,2685,16,100,0,587,571,605,598,100,97,84,1,9,1,0,1,3,1,84,1,9,1,0,0,3,51,49,2,4,96,25,296,100,348,120,228,157,78,146,348,34,66,100,46834,76,1,15,0,N/A,N/A,N/A,N/A,N/A,N/A,N/A,N/A,N/A,N/A,N/A,N/A,N/A,N/A,N/A,N/A,N/A,N/A,N/A,N/A,N/A,N/A,N/A,N/A,N/A,N/A,N/A,N/A,N/A,N/A,N/A,N/A,N/A,N/A,N/A,N/A,N/A,N/A,N/A,N/A,N/A,N/A,N/A,N/A,N/A,16%,23%,1%,0%,2%,25%,6%,22%,20%,11%,0.29,0.463,30,0.4,420,0.011,0.13,0.19,2.2,69.6,7.22,5.2,1100,44%,32%,12%,4%,5%,20%,6%,19%,38%,14%,0.089,0.278,25,0.31,190,5.8,0.077,0.38,0.71,66.1,5.87,1.7,2800,18,41,14,0,25,75,65,82,23,40,89,88,43,54,90,32,87,60,91,74,85,92,79,62,58,51,51,58,24,56,46,59,54,58,59,55,68,71,65,65,71,31,70,58,73,69,72,70,67,39%,31%,12%,5%,6%,17%,6%,20%,35%,14%,0.3,0.261,25,0.31,210,22,0.13,0.43,1.9,61.6,8.08,3.9,4600,33,43,12,0,21,81,66,78,31,38,57,89,52,70,88,68,74,54,75,93,25,78,62,48,61,61,63,58,53,57,46,55,63,26,58,51,51,72,66,73,70,61,67,52,65,75,27,66,58,AZ,ARIZONA,9,605,0,0,0,0,0,0,0,0,0,No,No,No,Yes,No,No,No,No,-12474244.485306315,3959563.6190284975,1,0,5,0.9333777,0,9035,blockgroup,0.20,"Maricopa County, AZ",75.6,22%,4.1,9.5,5,12.1%,24%,13%,1%,1%,0%,0%,78.5,19%,6,10.6,6.1,13.9%,13%,10%,6%,7%,48%,53%,18,82,23,16,41,47,84,69,39,42,0,0,78.5,20%,6.1,10,6.1,13.4%,14%,9%,12%,13%,14%,19%,22,78,13,40,26,47,82,78,16,17,0,0,"list(c(-112.063156882979, -112.063170505931, -112.062979432473, -112.05608714888, -112.056096764447, -112.053930752024, -112.051122338171, -112.051109411414, -112.051107862719, -112.051107780972, -112.065078262591, -112.065078426983, -112.065078688393, -112.065081310575, -112.065112180281, -112.065264815726, -112.065264816625, -112.065127742695, -112.065111554156, -112.065125360363, -112.063156882979, 33.4875828274108, 33.4821882177138, 33.4819380027447, 33.4819425521823, 33.4871575341015, 33.4855221670156, 
33.4834325595755, 33.4806660202088, 33.4803345995562, 33.4803171559739, 33.4803218208831, 33.4803362434381, 33.4803362456859, 33.4806124885876, 33.4838642920944, 33.4838640635787, 33.4838640860556, 33.4838642920944, 33.4838643160698, 33.4875828723628, 33.4875828274108))"
AZ,Phoenix,NA,A5,A,8477,"{ ""1"" : ""This small area compares favorably with the Country. Club section across the street to the east. Within it there is room for some development, all of which will be in the very best type of construction."" }",455,230,277,46,3,18,3,13,94,118,225,46,3,18,3,0,40,233,221,32,32,423,49,287,41,14,58,66,106,342,45,287,94,193,358,9,0,49,92,20,188,423,307,116,90,6,20,0,20,26,0.06,0,15,9,3,3,0,47,423,325,98,12,181,455,38,498,279,335,215,85,18,53,14,33,201,181,186,85,18,53,14,13,103,168,236,83,89,276,101,162,8976,85,44,90,101,131,162,82,162,103,138,209,57,37,95,117,55,155,252,210,201,159,47,76,45,88,100,50,43,14,17,13,80,252,191,158,45,344,279,52,227,100,26,0,6,3,52,14,21,6,118,1,5,9,0,73,5,27,100,14,37,100,5,23,20,100,0,22,18,59,77,23,100,4,100,40,7212,51,100,0,361,418,455,336,100,79,61,10,1,4,1,3,21,26,49,10,1,4,1,0,9,51,49,7,7,93,11,279,100,287,94,193,162,103,138,287,33,67,100,45611,73,3,13,5,N/A,N/A,N/A,N/A,N/A,N/A,N/A,N/A,N/A,N/A,N/A,N/A,N/A,N/A,N/A,N/A,N/A,N/A,N/A,N/A,N/A,N/A,N/A,N/A,N/A,N/A,N/A,N/A,N/A,N/A,N/A,N/A,N/A,N/A,N/A,N/A,N/A,N/A,N/A,N/A,N/A,N/A,N/A,N/A,N/A,51%,40%,3%,5%,7%,11%,4%,25%,45%,15%,0.18,0.459,30,0.4,410,0.011,0.11,0.54,2.5,69.4,7.29,6.4,1200,44%,32%,12%,4%,5%,20%,6%,19%,38%,14%,0.089,0.278,25,0.31,190,5.8,0.077,0.38,0.71,66.1,5.87,1.7,2800,63,66,25,76,69,38,46,94,66,61,83,87,43,54,90,33,83,83,92,71,87,94,79,79,83,78,80,84,52,83,82,84,83,83,85,80,76,82,77,78,83,46,82,80,83,81,82,82,78,39%,31%,12%,5%,6%,17%,6%,20%,35%,14%,0.3,0.261,25,0.31,210,22,0.13,0.43,1.9,61.6,8.08,3.9,4600,66,69,22,76,69,29,47,90,70,62,46,88,52,70,88,68,68,78,77,92,27,82,62,69,84,79,85,84,79,79,81,80,87,50,82,78,57,83,76,83,82,75,77,78,79,87,39,79,73,AZ,ARIZONA,9,455,0,0,0,0,0,0,0,0,0,No,No,No,Yes,No,No,No,No,-12475274.528426364,3959471.5447038347,1,0,5,0.947207,0,9035,blockgroup,0.06,"Phoenix, AZ",73.3,25%,4.5,9.7,5.2,7.7%,1%,13%,5%,8%,0%,0%,78.5,19%,6,10.6,6.1,13.9%,13%,10%,6%,7%,48%,53%,6,94,31,23,45,14,17,68,67,73,0,0,78.5,20%,6.1,10,6.1,13.4%,14%,9%,12%,13%,14%,19%,9,90,19,46,29,16,13,77,43,55,0,0,"list(c(-112.065081310575, -112.065078688393, -112.065127742695, -112.065141462665, -112.065341529157, -112.06945787569, -112.06951750496, -112.065264815726, -112.065112180281, -112.065081310575, 33.4806124885876, 33.4803362456859, 33.4803364682169, 33.4803365304057, 33.4803374385118, 33.4803561198713, 33.4838576906111, 33.4838640635787, 33.4838642920944, 33.4806124885876))"
AZ,Phoenix,NA,B1,B,8481,"{ ""1"" : ""This is the newest and best moderately priced residential section of Phoenix, and within it there has been considerable new construction during the last few months. The area is less than fifteen years old and is occupied by modest business and p",1625,748,1194,98,18,63,0,123,131,536,877,92,7,63,0,0,50,831,795,66,226,1399,214,725,117,69,89,93,357,859,424,725,378,347,1256,22,62,146,287,103,635,1559,1283,277,174,67,11,25,35,102,0.48,0,34,26,1,3,4,130,1452,1018,435,57,469,1624,168,1781,339,453,302,205,42,98,13,126,137,276,300,205,13,98,13,13,53,214,200,64,102,284,110,194,31361,84,69,102,80,174,183,126,194,158,185,325,64,62,112,108,65,232,339,334,169,135,82,53,59,74,104,48,25,17,25,29,78,339,346,125,74,476,339,75,201,100,23,5,8,2,51,12,11,7,114,4,1,11,2,82,2,18,100,16,49,100,9,13,12,100,10,10,3,77,70,30,100,6,100,29,3400,46,100,0,1494,786,1625,1089,100,92,73,6,1,4,0,8,8,33,54,6,0,4,0,0,3,51,49,4,14,86,13,339,100,725,378,347,194,158,185,725,52,48,100,58917,16,7,49,5,1037,612,409,5,0,0,6,4,0,0,0,0,0,0,425,641,456,533,23,13,13,27,28,13,13,13,13,13,13,787,39,0,0,0,0,0,100,0,0,0,41,59,0,1,0,46%,29%,7%,4%,4%,13%,6%,3%,37%,12%,0.55,0.564,30,0.46,1500,0.018,0.095,1.3,4.9,69.2,7.45,3.1,1500,44%,32%,12%,4%,5%,20%,6%,19%,38%,14%,0.089,0.278,25,0.31,190,5.8,0.077,0.38,0.71,66.1,5.87,1.7,2800,58,51,48,73,43,47,61,0,56,47,95,96,43,54,99,39,80,93,97,68,91,83,84,77,81,73,86,81,51,76,79,81,76,79,74,76,72,78,70,84,77,43,72,77,78,71,78,70,73,39%,31%,12%,5%,6%,17%,6%,20%,35%,14%,0.3,0.261,25,0.31,210,22,0.13,0.43,1.9,61.6,8.08,3.9,4600,63,53,44,73,42,40,62,0,61,46,76,93,52,70,97,72,65,92,89,92,31,67,67,77,80,74,85,81,76,72,80,79,82,49,71,75,67,78,70,82,77,68,66,75,75,79,36,64,66,AZ,ARIZONA,9,1625,0,0,0,0,0,0,2,0,1,No,Yes,Yes,Yes,No,Yes,Yes,Yes,-12477210.34846998,3956970.7818425596,5,0,52,1.0216524,0,9035,blockgroup,0.48,"Phoenix, AZ",12.9,3%,4.9,10.4,4.4,9.5%,15%,15%,4%,6%,0%,0%,78.5,19%,6,10.6,6.1,13.9%,13%,10%,6%,7%,48%,53%,0,0,38,50,29,27,68,78,61,68,0,0,78.5,20%,6.1,10,6.1,13.4%,14%,9%,12%,13%,14%,19%,0,0,26,66,16,28,62,85,32,46,0,0,"list(c(-112.082789916552, -112.082789846483, -112.08279150118, -112.076006041647, -112.075983775106, -112.075983679885, -112.0759409614, -112.075937285493, -112.075937094152, -112.075937189374, -112.075937380715, -112.078216772205, -112.0781941131, -112.077757360294, -112.07774636222, -112.086963080628, -112.087014179497, -112.091768011878, -112.091786602513, -112.095630280713, -112.09558363659, -112.091284658068, -112.090040945049, -112.082774901212, -112.082793614916, -112.082789916552, 33.4687708012286, 
33.4687660113033, 33.4684517378202, 33.4684414535306, 33.4684414198092, 33.4684414198092, 33.4659970087394, 33.4657866691841, 33.4657756958903, 33.4657756958903, 33.4657866691841, 33.4657866691841, 33.4617269667643, 33.4617269667643, 33.4586742064492, 33.4586675805633, 33.4607185839719, 33.4607134278787, 33.460713407644, 33.4639043674048, 33.4659100356486, 33.46589907511, 33.4658959037027, 33.4658119288123, 33.4687708626763, 33.4687708012286))"
AZ,Phoenix,NA,B2,B,8478,"{ ""1"" : ""That portion of this area lying within the city limits contains some very fine homes averaging $6,000 in price. Without the city limits the construction is cheaper. This is a substantial residential section occupied by a good class of citizenry.",1016,168,950,0,0,22,0,7,36,119,847,0,0,22,0,0,28,581,435,46,131,885,127,553,38,9,46,40,421,702,269,553,318,235,818,12,12,16,77,35,666,969,820,149,98,39,12,0,12,51,0.16,0,14,14,0,0,0,13,913,721,192,7,79,1016,90,948,362,499,351,13,13,34,13,21,45,107,344,13,13,34,13,13,41,283,182,64,112,332,110,233,11448,64,26,61,50,259,267,133,233,139,234,290,45,44,38,73,59,294,344,370,118,99,68,52,45,69,96,34,25,13,13,13,31,324,331,100,17,522,362,72,177,100,9,1,4,1,81,2,10,5,98,4,1,9,0,85,1,15,100,7,76,100,2,7,8,100,0,0,0,100,79,21,100,1,100,8,6278,17,100,0,979,445,1016,897,100,96,94,0,0,2,0,1,4,12,83,0,0,2,0,0,3,57,43,5,13,87,13,362,100,553,318,235,233,139,234,553,58,42,100,65385,78,3,38,3,1339,1031,199,0,0,0,81,0,5,0,0,14,5,5,308,516,546,302,176,13,13,251,13,25,13,13,67,26,29,751,15,1,0,0,0,0,100,0,0,0,23,77,0,6,0,17%,8%,3%,3%,5%,13%,1%,20%,12%,7%,0.46,0.476,30,0.4,360,0.013,0.099,0.86,4.6,69.4,7.36,2.4,1200,44%,32%,12%,4%,5%,20%,6%,19%,38%,14%,0.089,0.278,25,0.31,190,5.8,0.077,0.38,0.71,66.1,5.87,1.7,2800,18,12,28,65,48,44,24,52,9,16,93,90,43,54,87,35,81,89,96,71,89,77,80,55,44,35,38,41,17,41,44,46,33,44,42,41,59,57,46,48,54,22,52,56,59,46,58,50,53,39%,31%,12%,5%,6%,17%,6%,20%,35%,14%,0.3,0.261,25,0.31,210,22,0.13,0.43,1.9,61.6,8.08,3.9,4600,33,13,24,67,47,37,24,53,14,15,71,90,52,70,86,70,66,86,88,92,28,62,63,40,47,56,51,44,39,39,45,46,48,19,41,36,43,57,57,58,52,44,44,53,54,56,20,42,41,AZ,ARIZONA,9,1016,0,0,0,0,1,0,0,0,0,No,No,Yes,Yes,No,No,No,No,-12476314.938656237,3958701.11570675,1,0,17,1.0934351,0,9035,blockgroup,0.16,"Phoenix, AZ",78.3,20%,4.8,9.2,6.2,9.5%,5%,6%,2%,3%,0%,0%,78.5,19%,6,10.6,6.1,13.9%,13%,10%,6%,7%,48%,53%,47,52,37,8,62,27,35,36,51,54,0,0,78.5,20%,6.1,10,6.1,13.4%,14%,9%,12%,13%,14%,19%,47,53,24,30,50,28,26,48,22,25,0,0,"list(c(-112.073698158291, -112.07372800302, -112.07396745884, -112.073967554062, -112.079161228555, -112.079161323777, -112.080528365603, -112.080549150822, -112.078209525496, -112.078230229866, -112.073770093582, -112.073721792068, -112.073694535385, -112.073698158291, 33.4742548492404, 33.4730349549357, 33.4730388664154, 33.4730388679141, 33.4731237012724, 33.4731237027711, 33.4731460319001, 33.4766611670595, 33.4766974006755, 33.4803258908776, 33.4803562322607, 33.4748288054651, 33.4748288691565, 
33.4742548492404))"
AZ,Phoenix,NA,B3,B,8476,"{ ""1"" : ""This area is entirely outside the city limits, but is in line with the trend of development. The security is not as costly as that of B-1 and B-2, ranging in price from $2,000 to $7,000. Lack of city restrictions in this area is perhaps countera",1611,749,1056,104,16,59,5,32,338,474,861,103,15,59,5,0,93,784,827,83,157,1454,230,963,148,86,187,188,354,1214,119,963,359,605,1254,21,45,270,253,53,611,1527,1014,513,372,36,74,32,105,142,0.46,0,64,49,6,8,0,204,1454,1087,366,69,728,1611,144,1733,429,468,372,85,201,70,14,101,268,333,220,85,203,70,14,13,162,343,236,83,138,391,124,317,35773,85,88,90,107,305,319,106,317,109,318,360,57,81,187,117,72,329,420,394,231,186,53,78,82,113,125,69,65,14,25,15,118,387,367,158,85,564,429,52,227,100,20,4,4,2,49,22,24,9,113,2,5,9,2,66,7,34,100,15,37,100,9,20,19,100,0,13,10,77,75,25,100,6,100,45,3469,47,100,0,1272,843,1611,1137,100,79,66,6,1,4,0,2,21,29,53,6,1,4,0,0,6,49,51,5,10,90,14,429,100,963,359,605,317,109,318,963,37,63,100,52019,75,5,10,7,2277,1745,306,7,5,24,122,5,14,0,20,8,8,13,532,516,546,302,176,15,50,251,16,25,13,47,67,26,29,751,13,0,0,1,0,1,100,1,1,0,23,77,0,5,0,47%,45%,5%,7%,5%,14%,6%,23%,46%,17%,0.22,0.465,30,0.4,410,0.012,0.11,0.54,2.7,69.4,7.31,6.1,1200,44%,32%,12%,4%,5%,20%,6%,19%,38%,14%,0.089,0.278,25,0.31,190,5.8,0.077,0.38,0.71,66.1,5.87,1.7,2800,59,72,41,80,54,51,65,87,67,69,86,88,43,54,90,33,83,83,93,71,88,94,80,80,84,78,81,85,52,84,82,85,84,83,86,80,81,86,81,83,86,52,86,84,87,85,86,86,83,39%,31%,12%,5%,6%,17%,6%,20%,35%,14%,0.3,0.261,25,0.31,210,22,0.13,0.43,1.9,61.6,8.08,3.9,4600,63,75,37,79,53,45,66,81,70,71,50,89,52,70,88,69,68,78,79,92,27,81,62,72,85,79,85,84,80,79,82,81,87,51,82,79,67,87,81,87,86,80,81,82,83,90,44,83,78,AZ,ARIZONA,9,1611,0,0,4,0,1,0,3,0,2,No,No,Yes,Yes,No,No,No,Yes,-12475561.810583305,3959420.853295577,3,0,31,1.2721295,0,9035,blockgroup,0.47,"Phoenix, AZ",75,23%,4.6,9.5,5.5,8.3%,3%,10%,7%,10%,0%,0%,78.5,19%,6,10.6,6.1,13.9%,13%,10%,6%,7%,48%,53%,11,87,33,16,50,19,27,59,72,79,0,0,78.5,20%,6.1,10,6.1,13.4%,14%,9%,12%,13%,14%,19%,18,81,21,40,35,20,19,69,51,65,0,0,"list(c(-112.069507343217, -112.069467548749, -112.065395843994, -112.065139797188, -112.065139712747, -112.065125360363, -112.065111554156, -112.065127742695, -112.065264816625, -112.065264815726, -112.06951750496, -112.06945787569, -112.065341529157, -112.065141462665, -112.065127742695, -112.065078688393, -112.065078426983, -112.065078262591, -112.065043151938, -112.065293822327, -112.065249038615, -112.065249865065, -112.065249989032, -112.069117717828, -112.069237841446, -112.069244409927, -112.069280557236, 
-112.073684378135, -112.073698158291, -112.073694535385, -112.073721792068, -112.073770093582, -112.0738331104, -112.073768376902, -112.073794258264, -112.069507343217, 33.4911493331728, 33.4875949966626, 33.4876109014217, 33.4876119016031, 33.4875828723628, 33.4875828723628, 33.4838643160698, 33.4838642920944, 33.4838640860556, 33.4838640635787, 33.4838576906111, 33.4803561198713, 33.4803374385118, 33.4803365304057, 33.4803364682169, 33.4803362456859, 33.4803362434381, 33.4803218208831, 33.4772345243972, 
33.4772345243972, 33.4729821544376, 33.4729821581843, 33.4729950008833, 33.4730010022349, 33.4730015874584, 33.4730016196795, 33.4748347789652, 33.4748180843351, 33.4742548492404, 33.4748288691565, 33.4748288054651, 33.4803562322607, 33.4875671983521, 33.4875673436969, 33.4911596012819, 33.4911493331728))"
AZ,Phoenix,NA,B4,B,8487,"{ ""1"" : ""This is a very substantial section wherein the houses are from ten to fifteen years old and the average price range is $3,250. The area has advantages as to school and mercantile facilities, being reasonably close to the business district; also",1633,722,1103,24,0,14,9,55,428,590,911,23,0,14,9,0,86,857,776,115,255,1378,155,838,105,102,99,94,438,975,589,838,396,442,1276,72,55,249,168,105,628,1518,1319,199,56,52,91,0,91,143,0.33,0,55,55,0,0,0,105,1415,1013,402,18,332,1633,265,1679,534,738,521,38,13,21,36,75,403,420,510,38,13,21,36,13,99,282,332,84,190,308,116,199,11983,81,83,89,62,194,200,180,199,124,178,382,86,69,286,104,107,237,521,407,155,81,73,103,45,113,134,78,75,13,13,13,77,402,365,184,33,744,534,87,203,100,13,4,8,6,49,19,4,9,111,3,6,17,0,87,6,13,100,12,52,100,12,11,12,100,0,0,0,100,72,28,100,2,100,20,5016,44,100,0,1205,704,1633,1043,100,74,68,1,0,1,1,3,26,36,56,1,0,1,1,0,5,52,48,7,16,84,9,534,100,838,396,442,199,124,178,838,47,53,100,38216,80,10,60,7,2277,1869,367,0,0,0,20,0,0,0,0,8,0,12,407,834,787,364,55,19,19,55,19,19,19,19,30,19,31,1147,16,0,0,0,0,0,100,0,1,0,18,82,0,1,0,44%,20%,10%,7%,7%,9%,2%,18%,32%,11%,0.61,0.482,30,0.4,250,0.014,0.12,0.36,4.1,69.7,7.27,2.3,1300,44%,32%,12%,4%,5%,20%,6%,19%,38%,14%,0.089,0.278,25,0.31,190,5.8,0.077,0.38,0.71,66.1,5.87,1.7,2800,56,36,59,80,69,32,31,37,48,43,97,91,43,54,76,36,86,77,96,76,86,75,81,76,75,69,69,69,41,73,70,76,74,74,61,70,73,74,67,68,67,37,72,69,76,72,74,59,70,39%,31%,12%,5%,6%,17%,6%,20%,35%,14%,0.3,0.261,25,0.31,210,22,0.13,0.43,1.9,61.6,8.08,3.9,4600,62,38,57,79,69,24,31,41,54,42,81,90,52,70,79,70,72,71,86,93,26,61,64,78,75,71,77,70,70,71,68,74,78,39,60,68,70,75,68,75,68,64,68,64,73,78,29,55,62,AZ,ARIZONA,9,1633,0,1,1,0,0,0,3,3,5,No,Yes,Yes,Yes,No,Yes,No,Yes,-12474592.243306717,3957932.1641482953,2,0,36,1.0135692,0,9035,blockgroup,0.33,"Phoenix, AZ",79.5,18%,4.4,10.1,4.7,15.8%,2%,13%,1%,1%,0%,0%,78.5,19%,6,10.6,6.1,13.9%,13%,10%,6%,7%,48%,53%,62,37,29,38,35,67,22,71,35,36,0,0,78.5,20%,6.1,10,6.1,13.4%,14%,9%,12%,13%,14%,19%,59,41,17,58,21,69,16,80,14,15,0,0,"list(c(-112.060058528886, -112.060039683129, -112.060480675984, -112.06047996901, -112.056229055745, -112.056296233559, -112.056298422753, -112.065020144287, -112.065022372109, -112.065028082699, -112.065060344795, -112.065183236122, -112.065249038615, -112.065293822327, -112.065043151938, -112.065037303906, -112.060058528886, 33.4766688877874, 33.4748182267041, 33.4748219957344, 33.4730021951618, 33.4729788731386, 33.4658794096851, 33.4656480262401, 33.4656598531046, 33.4658883768557, 33.4664740503827, 
33.466729259667, 33.466733592583, 33.4729821544376, 33.4772345243972, 33.4772345243972, 33.4767202533892, 33.4766688877874))"
AZ,Phoenix,NA,B5,B,8488,"{ ""1"" : ""This is a well located, moderately priced subdivision, occupied by tradesmen and modest business and professional people. Much of the security therein was built for speculative purposes. The western portion of it was built up twenty years ago, w",3382,1998,2194,232,9,126,0,253,567,1538,1384,232,9,126,0,0,92,1825,1556,195,399,2983,277,1976,333,239,457,342,603,2270,535,1976,514,1462,2738,245,120,577,613,192,990,3186,2126,1060,635,179,144,102,246,425,0.71,0,164,158,0,6,0,405,3029,2319,710,110,1386,3375,421,3345,354,453,302,205,13,77,13,88,197,343,300,205,13,77,13,13,57,214,199,91,137,284,63,194,9505,84,69,134,80,162,183,123,194,76,185,325,107,53,122,108,65,232,339,334,228,178,119,89,94,129,147,112,110,13,13,13,89,339,346,103,74,476,354,70,245,100,22,4,7,9,36,21,20,13,105,6,5,13,3,67,8,33,100,17,31,100,12,17,23,100,0,4,0,96,77,23,100,5,100,41,4760,59,100,0,2814,698,3382,1844,100,83,65,7,0,4,0,7,17,45,41,7,0,4,0,0,3,54,46,6,12,88,8,354,100,1976,514,1462,194,76,185,1976,26,74,100,41525,38,13,24,8,1923,1054,818,0,3,0,5,0,9,8,0,9,0,17,869,365,229,315,10,6,13,10,13,11,15,13,17,13,30,431,43,0,0,0,0,0,100,0,1,0,45,55,0,0,0,59%,41%,13%,9%,6%,8%,5%,14%,50%,17%,0.3,0.55,30,0.46,2300,0.018,0.12,0.47,4.9,69.5,7.33,6.7,1400,44%,32%,12%,4%,5%,20%,6%,19%,38%,14%,0.089,0.278,25,0.31,190,5.8,0.077,0.38,0.71,66.1,5.87,1.7,2800,71,67,67,84,59,27,55,5,71,69,89,96,43,54,99,39,86,81,97,73,88,95,83,82,89,81,94,91,62,88,82,88,88,86,88,84,80,88,81,93,89,59,87,81,87,86,86,86,84,39%,31%,12%,5%,6%,17%,6%,20%,35%,14%,0.3,0.261,25,0.31,210,22,0.13,0.43,1.9,61.6,8.08,3.9,4600,72,71,68,83,59,19,56,7,74,70,58,93,52,70,98,72,72,75,89,93,28,82,66,78,88,82,91,90,84,83,81,87,89,54,85,83,72,88,80,91,89,82,83,78,86,90,44,84,80,AZ,ARIZONA,9,3382,0,0,2,0,0,0,2,2,6,No,Yes,Yes,Yes,No,Yes,Yes,Yes,-12474467.35985601,3956809.7989247073,4,0,65,0.9807578,0,9035,blockgroup,0.68,"Phoenix, AZ",47.1,14%,4.9,10.7,3.8,12.6%,30%,17%,1%,2%,0%,0%,78.5,19%,6,10.6,6.1,13.9%,13%,10%,6%,7%,48%,53%,0,5,38,60,14,50,89,82,47,48,0,0,78.5,20%,6.1,10,6.1,13.4%,14%,9%,12%,13%,14%,19%,0,7,26,73,8,50,89,88,20,20,0,0,"list(c(-112.056298422753, -112.056298549416, -112.047713927862, -112.047711494326, -112.047709323098, -112.047661738439, -112.047686699028, -112.047686886775, -112.047731908541, -112.047732054068, -112.072371049274, -112.072383856555, -112.072487037947, -112.072429407428, -112.072447075493, -112.065019499297, -112.065020144287, -112.056298422753, 33.4656480262401, 33.4656346511351, 33.4656478089172, 33.4656478126641, 33.4650329940905, 33.4586786529348, 33.4586786634271, 33.4586786634271, 33.4586786814139, 
33.4586786814139, 33.4586885981325, 33.4586886033787, 33.461429158879, 33.4614296737346, 33.4656346511351, 33.465593746442, 33.4656598531046, 33.4656480262401))"
AZ,Phoenix,NA,B6,B,8490,"{ ""1"" : ""This section, lying without the city limits, has a large number of smaller homes of the modest class of people, ranging in price from $1,200 to $2,500. There is room for much development and indications are that there will be some building in th",9781,7909,5526,335,373,135,0,1162,2250,6975,1872,311,273,135,0,5,209,5032,4749,534,2716,7065,404,3343,459,321,887,902,774,3753,635,3343,1234,2109,5870,1138,682,1618,976,328,1129,9247,3943,5303,3340,621,683,659,1342,1963,1.49,0,332,299,6,17,10,738,7521,5030,2491,124,5044,9657,798,9804,929,934,472,132,125,103,13,288,931,912,166,132,125,103,13,13,85,653,442,133,350,403,68,250,8275,69,61,102,230,87,248,77,250,161,252,401,218,109,224,103,56,216,928,262,712,663,147,167,160,231,274,137,135,13,28,15,75,503,395,269,41,966,929,86,482,100,17,12,6,19,19,28,36,21,106,7,7,9,7,43,15,57,100,14,23,100,10,27,27,100,3,5,2,90,67,33,100,2,100,52,6549,81,100,0,7531,1133,9781,2805,100,77,56,3,4,1,0,12,23,71,19,3,3,1,0,0,2,51,49,5,28,72,4,929,100,3343,1234,2109,250,161,252,3343,37,63,100,21170,75,31,17,10,9366,3897,5282,73,1,6,14,0,2,19,0,3,2,67,5469,919,672,903,22,13,13,22,13,13,28,13,17,13,64,1057,56,0,0,0,0,0,100,0,1,1,58,42,0,0,0,81%,52%,31%,10%,5%,4%,2%,24%,67%,24%,0.35,0.522,30,0.42,940,0.5,0.16,0.17,3.4,69.8,7.19,1.1,1200,44%,32%,12%,4%,5%,20%,6%,19%,38%,14%,0.089,0.278,25,0.31,190,5.8,0.077,0.38,0.71,66.1,5.87,1.7,2800,85,80,90,86,57,10,37,91,86,85,90,94,43,54,97,74,91,57,94,78,84,57,80,91,95,90,93,97,86,96,82,94,97,91,79,91,90,94,90,93,96,84,95,82,94,95,92,79,90,39%,31%,12%,5%,6%,17%,6%,20%,35%,14%,0.3,0.261,25,0.31,210,22,0.13,0.43,1.9,61.6,8.08,3.9,4600,83,82,92,85,56,7,38,85,88,87,62,92,52,70,95,89,79,51,83,93,24,49,62,85,95,89,93,96,93,93,80,93,96,59,77,88,83,95,90,94,95,92,93,79,92,96,51,76,87,AZ,ARIZONA,9,9781,0,1,7,2,0,0,2,3,7,No,Yes,Yes,Yes,No,Yes,Yes,Yes,-12472137.72625248,3957787.5273377453,9,0,144,1.0731933,0,9035,blockgroup,1.49,"Phoenix, AZ",74.3,24%,5.6,11.3,3.6,8.1%,32%,35%,2%,3%,0%,0%,78.5,19%,6,10.6,6.1,13.9%,13%,10%,6%,7%,48%,53%,8,91,50,76,12,18,91,98,51,54,0,0,78.5,20%,6.1,10,6.1,13.4%,14%,9%,12%,13%,14%,19%,14,85,39,82,7,19,90,99,22,26,0,0,"list(c(-112.030522957203, -112.030509034215, -112.030519429519, -112.047686716994, -112.047686886775, -112.047686887674, -112.047686699926, -112.047686699028, -112.047661738439, -112.047709323098, -112.047711494326, -112.04769189129, -112.047761640082, -112.047761666133, -112.047761640082, -112.044245186699, -112.030522957203, 33.4802968022513, 33.4586401094744, 33.4586401034788, 33.4586305847126, 33.4586786634271, 33.4586788620312, 33.4586788620312, 33.4586786634271, 33.4586786529348, 33.4650329940905, 
33.4656478126641, 33.4656478426397, 33.4803229455263, 33.4803284556034, 33.4803284556034, 33.4803219984584, 33.4802968022513))"
AZ,Phoenix,NA,B7,B,8486,"{ ""1"" : ""This area lies outside the city limits, and, while it is considered a good residential section, the security hardly compares with that of adjoining B-4. Modest homes, ranging from $1,200 to $2,250, in this area are occupied by suburban dwellers",3915,1864,2563,561,250,39,16,285,201,1085,2051,561,70,39,16,0,93,1921,1994,336,751,3164,341,1594,182,20,416,196,780,1733,809,1594,974,620,2838,117,0,481,873,105,1261,3579,2866,713,528,44,125,16,141,185,0.68,0,25,25,0,0,0,202,3180,2370,810,200,1506,3899,610,3869,789,848,521,614,366,30,36,159,106,435,510,614,107,30,36,13,99,400,484,145,215,401,135,229,16277,186,34,147,84,194,240,205,229,227,206,525,107,37,286,277,75,237,678,606,275,239,67,136,49,145,159,47,41,13,13,13,186,580,495,250,113,870,789,118,275,100,31,0,4,4,44,17,15,5,108,1,3,17,0,80,4,20,100,11,49,100,1,12,26,100,0,0,0,100,75,25,100,8,100,39,5760,48,100,0,3714,1726,3915,2830,100,95,65,14,6,1,0,7,5,28,52,14,2,1,0,0,2,49,51,9,19,81,9,789,100,1594,974,620,229,227,206,1594,61,39,100,36818,80,4,47,2,2820,2316,454,0,0,0,25,0,0,0,0,11,0,15,505,834,787,364,55,19,19,55,19,19,19,19,30,19,31,1147,16,0,0,0,0,0,100,0,1,0,18,82,0,1,0,48%,39%,4%,2%,9%,9%,8%,18%,43%,14%,0.66,0.482,30,0.4,300,0.013,0.13,0.23,3.2,69.7,7.27,2,1200,44%,32%,12%,4%,5%,20%,6%,19%,38%,14%,0.089,0.278,25,0.31,190,5.8,0.077,0.38,0.71,66.1,5.87,1.7,2800,60,64,35,57,78,29,75,37,63,57,97,91,43,54,82,35,88,68,94,76,86,72,81,82,83,76,79,80,52,84,72,84,84,81,57,79,79,81,75,76,78,45,81,70,82,82,81,53,77,39%,31%,12%,5%,6%,17%,6%,20%,35%,14%,0.3,0.261,25,0.31,210,22,0.13,0.43,1.9,61.6,8.08,3.9,4600,64,67,31,61,79,21,76,41,68,58,83,90,52,70,83,70,74,62,82,93,26,59,63,84,83,78,84,80,79,80,71,80,86,48,56,77,79,82,75,82,78,73,77,65,78,85,36,47,70,AZ,ARIZONA,9,3915,0,0,0,0,0,0,3,0,4,No,Yes,Yes,Yes,No,Yes,No,Yes,-12473807.47860839,3958415.8905775184,3,0,76,2.0346707,0,9035,blockgroup,0.69,"Phoenix, AZ",79.5,18%,4.4,10.1,4.7,15.8%,14%,13%,0%,1%,0%,0%,78.5,19%,6,10.6,6.1,13.9%,13%,10%,6%,7%,48%,53%,62,37,29,38,35,67,67,71,26,31,0,0,78.5,20%,6.1,10,6.1,13.4%,14%,9%,12%,13%,14%,19%,59,41,17,58,21,69,60,80,0,13,0,0,"list(c(-112.047761640082, -112.04769189129, -112.047711494326, -112.047713927862, -112.056298549416, -112.056298422753, -112.056296233559, -112.056229055745, -112.06047996901, -112.060480675984, -112.060039683129, -112.060058528886, -112.065037303906, -112.065043151938, -112.065078262591, -112.051107780972, -112.051107862719, -112.051109411414, -112.047764508403, -112.047761666133, -112.047761640082, 33.4803229455263, 33.4656478426397, 33.4656478126641, 33.4656478089172, 33.4656346511351, 33.4656480262401, 
33.4658794096851, 33.4729788731386, 33.4730021951618, 33.4748219957344, 33.4748182267041, 33.4766688877874, 33.4767202533892, 33.4772345243972, 33.4803218208831, 33.4803171559739, 33.4803345995562, 33.4806660202088, 33.480678836294, 33.4803284556034, 33.4803229455263))"
AZ,Phoenix,NA,B8,B,8483,"{ ""1"" : ""This area is sparsely settled, but contains a few good homes and some of the cheaper type. It is outside the city limits, and the district will likely see some development in the near future and its value may be enhanced by reason of the exclusi",4213,2768,2662,112,72,43,0,696,628,2457,1445,112,59,37,0,18,85,1898,2315,162,693,3520,462,1788,208,48,502,326,704,2003,212,1788,757,1030,3077,279,194,756,707,179,962,4051,2550,1501,1051,96,288,66,354,450,0.62,0.01,108,108,0,0,0,244,3648,2817,830,107,1249,4130,351,4110,713,735,429,99,159,26,13,378,416,658,327,99,159,26,13,28,61,313,468,105,212,371,130,160,8540,74,30,117,93,171,171,71,160,134,146,440,97,80,185,185,72,213,663,381,346,331,65,156,74,162,173,65,61,13,13,13,73,516,441,167,84,964,679,87,337,100,23,6,6,9,31,25,26,11,101,2,7,9,2,63,9,37,100,12,39,100,3,18,28,100,0,0,0,100,77,23,100,4,100,30,6809,66,99,1,3585,1104,4213,1756,100,85,63,3,2,1,0,17,15,58,34,3,1,1,0,0,2,45,55,4,16,84,11,713,100,1788,757,1030,160,134,146,1788,42,58,100,34097,74,15,11,6,3278,1908,1266,3,3,0,10,5,0,0,0,66,0,18,1370,573,479,407,15,13,13,30,14,13,13,13,123,13,38,747,39,2,0,0,0,0,100,0,1,0,42,58,0,0,0,66%,30%,15%,6%,4%,11%,4%,25%,48%,16%,0.33,0.481,30,0.4,910,1.1,0.15,0.18,3,69.8,7.14,3.2,1100,44%,32%,12%,4%,5%,20%,6%,19%,38%,14%,0.089,0.278,25,0.31,190,5.8,0.077,0.38,0.71,66.1,5.87,1.7,2800,76,53,72,79,42,38,48,94,69,65,90,90,43,54,97,83,90,60,94,79,83,84,78,81,86,79,82,89,88,88,74,86,89,83,82,81,81,85,79,81,87,85,86,72,85,86,83,80,80,39%,31%,12%,5%,6%,17%,6%,20%,35%,14%,0.3,0.261,25,0.31,210,22,0.13,0.43,1.9,61.6,8.08,3.9,4600,75,55,73,78,40,30,49,90,72,66,60,90,52,70,95,91,78,54,81,93,23,68,61,78,86,80,86,88,88,84,72,83,89,47,78,79,72,86,78,85,86,86,83,67,82,89,36,75,74,AZ,ARIZONA,9,4213,0,0,9,0,0,0,0,1,4,No,Yes,Yes,Yes,No,No,No,Yes,-12472416.380593909,3959742.9192107916,3,0,45,1.2390486,0,9035,blockgroup,0.64,"Phoenix, AZ",73.1,25%,4.7,10.5,4.4,8.5%,22%,15%,7%,8%,0%,0%,78.5,19%,6,10.6,6.1,13.9%,13%,10%,6%,7%,48%,53%,5,94,34,53,29,20,81,78,72,72,0,0,78.5,20%,6.1,10,6.1,13.4%,14%,9%,12%,13%,14%,19%,9,90,22,69,16,22,78,85,52,53,0,0,"list(c(-112.030522957203, -112.044245186699, -112.047761640082, -112.047761666133, -112.047764508403, -112.051109411414, -112.051122338171, -112.053930752024, -112.056096764447, -112.056659866196, -112.039072983737, -112.039073060094, -112.0306192575, -112.030508267952, -112.030522957203, 33.4802968022513, 33.4803219984584, 33.4803284556034, 33.4803284556034, 33.480678836294, 33.4806660202088, 33.4834325595755, 33.4855221670156, 33.4871575341015, 33.4875826783201, 33.4875822759998, 33.4876115974281, 
33.4876118588988, 33.4802967752779, 33.4802968022513))"
AZ,Phoenix,NA,C1,C,8475,"{ ""1"" : ""This area is only partially developed. It has several advantages of the in-town sections, including sewer, water, gas, etc., but of course does not have the restrictions of the city proper. Suburban dwellers occupy this area in houses ranging in",10568,6466,6587,345,886,716,3,877,1153,4414,4102,298,784,716,3,13,237,5381,5186,381,1760,8808,1024,5263,315,496,1153,1415,1883,5964,838,5263,1691,3571,7810,368,363,1407,1813,739,3119,10187,6533,3653,2680,558,258,157,415,973,1.37,0,184,77,0,98,8,473,9060,6999,2061,493,3224,10544,923,9937,939,956,381,133,726,212,13,401,597,622,253,133,726,212,13,14,162,366,615,103,228,405,240,317,35773,58,181,133,187,305,319,188,317,180,318,657,145,146,244,266,139,329,874,394,538,405,172,109,118,161,235,120,50,13,118,15,65,748,568,241,296,1306,939,75,335,100,23,5,9,5,40,18,26,10,98,5,3,9,2,64,4,36,100,6,36,100,9,27,22,100,5,53,0,42,77,23,100,7,100,31,7708,61,100,0,9414,1866,10568,6154,100,89,62,3,8,7,0,8,11,42,39,3,7,7,0,0,2,51,49,4,17,83,10,939,100,5263,1691,3571,317,180,318,5263,32,68,100,39293,59,9,14,3,7825,5312,1757,6,5,47,178,5,148,4,67,44,5,246,2513,893,628,578,110,15,50,110,16,145,13,66,123,15,357,1092,22,1,0,2,0,1,100,1,3,0,32,68,0,2,0,61%,31%,9%,3%,4%,10%,7%,22%,46%,15%,0.27,0.466,30,0.4,650,0.28,0.11,0.36,1.7,69.5,7.23,2.9,1000,44%,32%,12%,4%,5%,20%,6%,19%,38%,14%,0.089,0.278,25,0.31,190,5.8,0.077,0.38,0.71,66.1,5.87,1.7,2800,72,53,57,69,39,34,69,73,67,60,88,88,43,54,95,67,85,77,88,73,85,81,77,79,84,78,81,84,65,84,78,84,85,83,74,79,75,82,76,78,81,59,82,75,81,82,81,72,77,39%,31%,12%,5%,6%,17%,6%,20%,35%,14%,0.3,0.261,25,0.31,210,22,0.13,0.43,1.9,61.6,8.08,3.9,4600,73,56,55,70,37,25,70,71,70,61,55,89,52,70,93,87,71,71,70,93,25,66,60,72,85,79,85,84,82,80,77,77,87,49,71,77,59,83,76,83,81,78,77,71,75,86,36,66,70,AZ,ARIZONA,9,10568,0,0,3,2,0,0,6,1,4,No,Yes,Yes,Yes,No,No,Yes,Yes,-12474218.29827388,3960859.7675405378,10,0,108,1.0126081,0,9035,blockgroup,1.40,"Phoenix, AZ",63.2,22%,4.4,9.9,4.8,9.3%,9%,14%,7%,8%,0%,0%,78.5,19%,6,10.6,6.1,13.9%,13%,10%,6%,7%,48%,53%,0,73,27,31,35,25,52,74,73,72,0,0,78.5,20%,6.1,10,6.1,13.4%,14%,9%,12%,13%,14%,19%,0,71,16,52,21,27,43,82,52,53,0,0,"list(c(-112.039073060094, -112.039072983737, -112.056659866196, -112.063156882979, -112.065125360363, -112.065139712747, -112.065139797188, -112.065140359534, -112.065150064932, -112.069507343217, -112.073794258264, -112.073768376902, -112.0738331104, -112.083002652882, -112.083364983861, -112.047789212971, -112.04779252506, -112.039107839268, -112.039073060094, 33.4876115974281, 33.4875822759998, 33.4875826783201, 33.4875828274108, 33.4875828723628, 33.4875828723628, 33.4876119016031, 33.4878049701154, 
33.4911388964993, 33.4911493331728, 33.4911596012819, 33.4875673436969, 33.4875671983521, 33.4875466388046, 33.4950831330205, 33.4950812699219, 33.5011104650556, 33.5010434887903, 33.4876115974281))"
AZ,Phoenix,NA,C2,C,8485,"{ ""1"" : ""This is one of the older residential sections of Phoenix, and is declining because of obsolescence and business encroachment. Houses in this section are as old as forty years, but the property is readily rentable because of the proximity to the",3403,1517,2183,421,44,229,0,163,364,698,1886,421,15,221,0,8,155,1713,1690,149,261,3142,379,1949,435,194,324,303,693,2335,512,1949,466,1483,2468,63,100,228,437,121,1520,3254,2592,662,507,114,33,8,41,155,0.39,0,81,18,63,0,0,461,3170,2264,906,132,1029,2928,334,3378,776,878,466,205,42,206,13,92,241,293,410,205,31,174,13,62,183,473,392,166,187,464,244,280,15495,234,90,102,112,162,295,236,280,227,270,368,64,62,86,108,65,361,776,524,265,228,174,53,47,71,186,170,31,169,13,13,224,776,595,271,151,725,527,94,351,100,18,4,5,3,62,9,16,5,104,4,1,10,0,80,1,20,100,22,36,100,10,16,17,100,0,0,78,22,71,29,100,6,100,35,8648,45,100,0,3039,1024,3403,2705,100,89,64,12,1,7,0,5,11,21,55,12,0,6,0,0,5,50,50,4,8,92,11,776,100,1949,466,1483,280,227,270,1949,24,76,100,42702,13,7,22,4,3263,2546,554,17,6,11,45,10,14,2,6,39,2,12,718,886,691,533,81,34,64,118,32,31,16,35,140,14,24,1124,17,1,0,0,0,0,100,0,0,1,22,78,0,1,0,45%,35%,7%,4%,4%,11%,6%,3%,41%,14%,0.32,0.545,30,0.45,1400,0.019,0.1,1,5.1,69.3,7.41,3.6,1600,44%,32%,12%,4%,5%,20%,6%,19%,38%,14%,0.089,0.278,25,0.31,190,5.8,0.077,0.38,0.71,66.1,5.87,1.7,2800,57,60,47,71,47,39,62,0,61,56,90,95,43,54,99,40,82,91,97,69,90,86,85,78,83,75,88,83,56,80,82,84,79,82,76,79,74,82,74,87,82,51,78,80,82,77,81,72,78,39%,31%,12%,5%,6%,17%,6%,20%,35%,14%,0.3,0.261,25,0.31,210,22,0.13,0.43,1.9,61.6,8.08,3.9,4600,62,63,44,72,45,31,63,0,65,56,60,93,52,70,97,72,67,88,89,92,29,70,68,73,83,77,86,83,79,76,82,81,84,51,72,78,63,82,74,86,81,74,73,79,80,84,39,66,73,AZ,ARIZONA,9,3403,0,0,11,0,0,0,1,0,1,No,Yes,Yes,Yes,No,Yes,Yes,Yes,-12476546.44227214,3956430.5306814117,6,0,38,1.2603105,0,9035,blockgroup,0.43,"Phoenix, AZ",13.5,3%,4.6,10.6,4.4,9.9%,19%,14%,4%,4%,0%,0%,78.5,19%,6,10.6,6.1,13.9%,13%,10%,6%,7%,48%,53%,0,0,31,53,27,30,77,73,62,62,0,0,78.5,20%,6.1,10,6.1,13.4%,14%,9%,12%,13%,14%,19%,0,0,19,69,15,31,73,81,33,35,0,0,"list(c(-112.065022372109, -112.065020144287, -112.065019499297, -112.072447075493, -112.072429407428, -112.072487037947, -112.075067824096, -112.075063584048, -112.082794616537, -112.091768011878, -112.087014179497, -112.086963080628, -112.07774636222, -112.077757360294, -112.0781941131, -112.078216772205, -112.075937380715, -112.075937189374, -112.075937094152, -112.073737320346, -112.073737225124, -112.073735956703, -112.065596736936, -112.065183236122, -112.065060344795, -112.065028082699, -112.065022372109, 
33.4658883768557, 33.4656598531046, 33.465593746442, 33.4656346511351, 33.4614296737346, 33.461429158879, 33.4614061162752, 33.4532736671342, 33.4532435133866, 33.4607134278787, 33.4607185839719, 33.4586675805633, 33.4586742064492, 33.4617269667643, 33.4617269667643, 33.4657866691841, 33.4657866691841, 33.4657756958903, 33.4657756958903, 33.4657601678117, 33.4657601670623, 33.4667507968502, 33.4667481710227, 33.466733592583, 33.466729259667, 33.4664740503827, 33.4658883768557))"
AZ,Phoenix,NA,C3,C,8489,"{ ""1"" : ""This is known as Churchill Addition. Although this area has reached its peak as to values and is declining as a choice residential section, it nevertheless has many advantages, such as school facilities and proximity to the business district. Th",6799,4420,4336,298,29,341,0,584,1210,3442,2379,290,4,324,0,145,214,3134,3666,365,1132,5667,391,2389,338,316,652,251,832,2934,650,2389,415,1973,3690,648,376,777,506,139,1245,6434,3737,2697,1944,131,295,326,621,752,0.63,0,119,119,0,0,0,694,5854,3927,1927,165,3431,6069,657,6813,776,878,466,102,18,206,13,197,389,424,410,102,13,159,13,182,102,473,392,126,175,464,113,198,11167,121,70,126,81,203,255,108,198,64,200,299,95,115,119,92,56,253,776,524,281,228,104,86,114,132,142,42,35,13,13,13,144,776,595,271,151,577,432,94,351,100,14,10,4,18,34,21,30,12,106,2,5,10,5,58,10,42,100,14,35,100,13,11,27,100,0,0,0,100,67,33,100,4,100,57,10778,65,100,0,5589,1002,6799,3357,100,82,64,4,0,5,0,9,18,51,35,4,0,5,0,2,3,46,54,5,17,83,6,776,100,2389,415,1973,198,64,200,2389,17,83,100,24380,25,28,22,5,6008,3158,2524,20,9,0,81,96,0,3,30,57,3,26,2849,886,691,330,81,34,19,118,143,19,16,35,140,14,24,1124,42,1,0,0,0,1,100,0,0,0,47,53,2,1,0,65%,57%,28%,5%,5%,6%,4%,6%,61%,23%,0.32,0.565,30,0.5,400,0.02,0.12,0.46,5.3,69.5,7.35,4.8,1600,44%,32%,12%,4%,5%,20%,6%,19%,38%,14%,0.089,0.278,25,0.31,190,5.8,0.077,0.38,0.71,66.1,5.87,1.7,2800,75,84,87,74,56,16,51,0,81,82,90,97,43,95,90,41,86,80,97,73,88,91,85,87,93,86,97,92,73,93,86,93,93,90,91,90,87,93,89,97,92,73,93,88,94,93,92,91,91,39%,31%,12%,5%,6%,17%,6%,20%,35%,14%,0.3,0.261,25,0.31,210,22,0.13,0.43,1.9,61.6,8.08,3.9,4600,75,86,90,74,55,11,52,0,83,85,59,93,52,92,88,73,72,75,90,92,28,76,68,82,93,87,96,91,89,88,86,92,94,61,87,88,81,94,88,96,92,90,90,86,93,95,56,88,88,AZ,ARIZONA,9,6799,0,0,5,1,1,0,7,0,4,No,Yes,Yes,Yes,No,Yes,Yes,Yes,-12474469.622635959,3955923.2635606523,6,0,73,1.0236941,0,9035,blockgroup,0.62,"Phoenix, AZ",19.8,6%,5.2,11.7,3.4,9.6%,27%,20%,0%,0%,0%,0%,78.5,19%,6,10.6,6.1,13.9%,13%,10%,6%,7%,48%,53%,0,0,44,85,8,28,87,88,32,30,0,0,78.5,20%,6.1,10,6.1,13.4%,14%,9%,12%,13%,14%,19%,0,0,33,87,4,29,86,92,13,12,0,0,"list(c(-112.047732054068, -112.047731908541, -112.047597094773, -112.047596956432, -112.072411868721, -112.072371049274, -112.047732054068, 33.4586786814139, 33.4586786814139, 33.4524122673011, 33.4524058290621, 33.4522863835285, 33.4586885981325, 33.4586786814139))"
AZ,Phoenix,NA,C4,C,8493,"{ ""1"" : ""This is Capitol Addition. Restrictions imposed more than twenty-five years ago have expired. The area has an advantage because of the location of the State Capitol, but has reached its peak in development. Houses therein are as old as forty year",3266,3010,2097,110,26,16,3,350,664,2906,255,71,3,16,3,0,11,1842,1423,300,1066,2199,235,975,207,91,336,196,146,1150,437,975,380,596,1931,397,319,679,294,69,174,2966,1060,1906,1156,288,226,236,463,750,0.61,0,127,127,0,0,0,346,2350,1443,907,73,2033,3256,323,3091,528,541,340,91,143,32,13,266,468,485,117,74,97,32,13,13,48,347,218,105,191,258,68,120,8792,78,70,107,66,83,134,105,120,101,122,349,148,108,128,126,50,66,526,404,341,253,122,139,119,183,193,76,73,13,13,13,94,395,207,199,52,542,528,130,528,100,15,17,4,21,9,35,39,25,104,10,8,11,8,36,16,64,100,21,15,100,9,20,34,100,0,0,0,100,61,39,100,5,100,62,5316,92,100,0,2602,885,3266,359,100,80,64,3,1,0,0,11,20,89,8,2,0,0,0,0,0,56,44,9,33,67,7,528,100,975,380,596,120,101,122,975,39,61,100,16104,50,37,38,13,691,262,391,0,0,0,0,0,0,8,0,1,0,30,430,272,162,234,13,13,13,13,13,13,32,13,4,13,101,317,56,0,0,0,1,0,100,0,4,0,62,38,0,0,0,92%,62%,37%,13%,9%,7%,5%,14%,77%,29%,0.49,0.596,30,0.5,690,0.029,0.083,3.1,5.9,68.9,7.54,6.3,1900,44%,32%,12%,4%,5%,20%,6%,19%,38%,14%,0.089,0.278,25,0.31,190,5.8,0.077,0.38,0.71,66.1,5.87,1.7,2800,92,88,93,90,82,23,57,5,93,92,94,98,43,95,95,46,74,98,98,65,93,94,88,98,98,95,98,98,86,95,98,98,96,97,98,96,97,98,95,98,98,86,95,97,97,95,96,97,96,39%,31%,12%,5%,6%,17%,6%,20%,35%,14%,0.3,0.261,25,0.31,210,22,0.13,0.43,1.9,61.6,8.08,3.9,4600,90,90,95,88,82,16,58,7,94,93,72,94,52,92,93,75,60,98,91,91,33,81,71,94,98,93,99,98,95,90,98,98,98,74,95,94,94,98,94,98,97,95,91,97,97,98,72,95,94,AZ,ARIZONA,9,3266,0,0,5,1,0,4,1,0,3,No,Yes,Yes,Yes,No,Yes,Yes,Yes,-12479016.364799883,3955211.773871466,6,0,70,1.0159081,0,9035,blockgroup,0.65,"Phoenix, AZ",47.9,14%,6,10.9,4.2,10.4%,46%,18%,8%,11%,2%,2%,78.5,19%,6,10.6,6.1,13.9%,13%,10%,6%,7%,48%,53%,0,5,57,64,25,35,96,85,76,81,43,38,78.5,20%,6.1,10,6.1,13.4%,14%,9%,12%,13%,14%,19%,0,7,48,75,14,35,97,90,58,67,79,73,"list(c(-112.095701199111, -112.095701157789, -112.095701148806, -112.100332460863, -112.108660955662, -112.108702872849, -112.10056149982, -112.100562145709, -112.093482284003, -112.093420965001, -112.09343050511, -112.091353031539, -112.091353031539, -112.091346926588, -112.095394783768, -112.095708897673, -112.095701199111, 33.4441948768745, 33.4441574093632, 33.4441494683625, 33.4441260628697, 33.4440839726942, 33.4548863632009, 33.4549661905496, 33.4549298121919, 33.455035603034, 33.4550365196496, 
33.4591327066334, 33.4574166940111, 33.4574163687452, 33.4511390419098, 33.4511204449434, 33.4511190021268, 33.4441948768745))"
AZ,Phoenix,NA,D1,D,8492,"{ ""1"" : ""This small area, situated near railroad shops and industrial development is old and contains a very poor security. It is occupied entirely by working people."" }",293,222,179,6,2,2,0,25,78,210,70,5,1,2,0,0,4,171,122,18,87,206,24,131,32,12,26,17,43,159,80,131,56,75,183,27,25,41,40,8,42,274,158,116,62,26,13,14,27,54,0.19,0,15,15,0,0,0,41,219,129,91,7,156,293,30,309,471,475,340,43,26,14,13,164,376,485,233,43,13,14,13,13,32,319,201,105,191,225,68,120,7463,78,47,107,66,84,134,89,120,74,122,261,115,104,128,97,50,110,442,244,327,237,122,96,96,136,183,76,73,13,13,13,94,303,207,165,40,542,471,58,259,100,22,14,4,15,23,22,23,20,113,10,5,11,5,58,10,42,100,24,33,100,9,13,20,100,0,0,0,100,59,41,100,5,100,53,1520,76,100,0,215,600,293,83,100,73,61,2,1,1,0,8,27,72,24,2,0,1,0,0,1,58,42,6,30,70,8,471,100,131,56,75,120,74,122,131,42,58,100,21069,25,28,50,11,1530,904,604,8,0,0,8,7,0,0,0,0,0,0,627,641,456,533,23,13,13,27,28,13,13,13,13,13,13,787,39,0,0,0,0,0,100,0,0,0,41,59,0,1,0,76%,53%,28%,13%,6%,8%,5%,0%,65%,26%,0.61,0.597,30,0.5,740,0.022,0.088,2.1,5.5,69.1,7.49,4.9,1600,44%,32%,12%,4%,5%,20%,6%,19%,38%,14%,0.089,0.278,25,0.31,190,5.8,0.077,0.38,0.71,66.1,5.87,1.7,2800,82,81,87,90,63,27,59,0,84,88,97,98,43,95,96,43,77,96,98,67,93,91,85,93,95,89,97,95,78,92,94,94,92,93,93,92,93,96,92,98,96,80,93,95,96,94,94,95,93,39%,31%,12%,5%,6%,17%,6%,20%,35%,14%,0.3,0.261,25,0.31,210,22,0.13,0.43,1.9,61.6,8.08,3.9,4600,81,83,90,88,63,19,60,0,86,89,80,94,52,92,94,73,62,96,90,91,32,77,68,91,95,89,97,94,91,86,95,94,95,68,90,89,92,96,91,97,95,92,89,96,95,96,66,92,91,AZ,ARIZONA,9,293,0,0,2,0,0,0,0,0,1,No,Yes,Yes,Yes,No,Yes,No,Yes,-12478630.592500431,3956349.3547003814,3,0,12,1.1477016,0,9035,blockgroup,0.20,"Phoenix, AZ",0,0%,5.6,11,4.1,9.8%,31%,20%,9%,13%,0%,0%,78.5,19%,6,10.6,6.1,13.9%,13%,10%,6%,7%,48%,53%,0,0,52,71,22,30,90,88,79,84,0,0,78.5,20%,6.1,10,6.1,13.4%,14%,9%,12%,13%,14%,19%,0,0,41,79,12,31,89,92,63,73,0,0,"list(c(-112.09343050511, -112.093420965001, -112.093482284003, -112.100562145709, -112.10056149982, -112.100389771582, -112.099924637403, -112.093430530262, -112.09343050511, 33.4591327066334, 33.4550365196496, 33.455035603034, 33.4549298121919, 33.4549661905496, 33.4646401761682, 33.4645827190378, 33.4591435533623, 33.4591327066334))"
AZ,Phoenix,NA,D2,D,8494,"{ ""1"" : ""This is an old section of Phoenix, adjacent to the business and industrial sections of the city, occupied entirely by a poor class of working people. The security is ragged."" }",1407,804,795,34,27,13,0,224,314,697,603,34,27,12,0,0,34,614,793,165,364,1042,92,721,136,34,289,97,165,794,231,721,152,568,936,104,79,298,266,16,173,1242,768,473,361,22,58,32,90,112,0.3,0,47,47,0,0,0,160,1045,726,319,29,862,1375,114,1104,584,732,476,45,97,23,13,332,468,462,442,45,97,23,13,13,48,347,444,158,209,279,71,181,8792,49,26,167,55,94,183,91,181,83,180,349,91,103,188,126,18,85,526,404,274,261,53,89,61,108,120,47,41,13,13,13,53,395,270,199,39,615,575,85,528,100,28,8,2,11,19,32,29,9,89,2,5,9,3,62,7,38,100,19,23,100,5,13,40,100,0,0,0,100,69,31,100,4,100,63,4757,57,100,0,1092,986,1407,709,100,78,56,2,2,1,0,16,22,50,43,2,2,1,0,0,2,44,56,12,26,74,7,584,100,721,152,568,181,83,180,721,21,79,100,20772,0,19,29,7,923,545,365,5,0,0,5,4,0,0,0,0,0,0,378,641,456,533,23,13,13,27,28,13,13,13,13,13,13,787,39,0,0,0,0,0,100,0,0,0,41,59,0,1,0,57%,63%,19%,8%,12%,7%,4%,N/A,60%,24%,0.24,0.594,30,0.5,270,0.025,0.091,1.6,6.1,69.1,7.5,2.2,1800,44%,32%,12%,4%,5%,20%,6%,19%,38%,14%,0.089,0.278,25,0.31,190,5.8,0.077,0.38,0.71,66.1,5.87,1.7,2800,69,89,78,83,91,19,50,N/A,80,84,87,98,43,95,79,44,78,95,98,67,93,75,87,88,93,86,97,89,76,90,92,93,91,91,84,91,90,94,89,97,91,78,92,94,94,92,93,85,92,39%,31%,12%,5%,6%,17%,6%,20%,35%,14%,0.3,0.261,25,0.31,210,22,0.13,0.43,1.9,61.6,8.08,3.9,4600,71,90,80,82,91,14,51,N/A,83,86,52,94,52,92,81,74,63,94,91,91,32,61,70,80,93,86,96,90,89,84,93,93,93,65,81,89,78,95,89,97,92,91,87,94,94,95,63,82,90,AZ,ARIZONA,9,1407,0,0,1,0,0,0,0,0,1,No,Yes,Yes,Yes,No,Yes,No,Yes,-12477894.436639182,3955190.892491707,2,0,34,0.9792608,0,9035,blockgroup,0.27,"Phoenix, AZ",N/A,N/A,5.8,10.9,4.1,10.3%,37%,18%,1%,1%,0%,0%,78.5,19%,6,10.6,6.1,13.9%,13%,10%,6%,7%,48%,53%,N/A,N/A,55,68,22,34,93,84,34,33,0,0,78.5,20%,6.1,10,6.1,13.4%,14%,9%,12%,13%,14%,19%,N/A,N/A,46,77,12,34,93,90,14,13,0,0,"list(c(-112.091476961319, -112.095701199111, -112.095708897673, -112.095394783768, -112.091346926588, -112.091353031539, -112.085359036281, -112.085348530483, -112.086101500151, -112.091447590901, -112.091476961319, 33.444214383061, 33.4441948768745, 33.4511190021268, 33.4511204449434, 33.4511390419098, 33.4574163687452, 33.4524155696153, 33.4485368961553, 33.4484283278411, 33.4484195724831, 33.444214383061))"
AZ,Phoenix,NA,D3,D,8496,"{ ""1"" : ""This section, adjoining the railroad station and yards, is a semi-industrial section, with very poor houses. Negroes, Mexicans and different classes of foreigners are rapidly occupying this area."" }",1493,1308,655,271,75,58,0,300,135,915,186,262,63,57,0,0,11,820,673,108,432,1061,294,567,173,115,140,93,46,672,125,567,159,407,919,198,152,306,113,49,101,1385,842,543,373,34,72,65,136,171,0.27,0,66,30,2,34,0,213,1107,569,538,32,1113,1486,166,1440,306,332,303,209,89,73,13,169,155,323,130,204,89,73,13,13,40,247,212,105,182,288,230,192,10191,122,121,90,191,44,194,58,192,128,193,238,130,103,227,77,68,71,296,263,208,184,53,105,97,143,152,73,52,13,49,13,125,292,196,265,37,371,309,164,302,100,12,17,5,22,11,33,27,12,104,2,5,12,5,61,10,39,100,31,8,100,20,16,25,100,0,51,3,46,51,49,100,6,100,75,5475,88,100,0,1358,856,1493,578,100,91,44,18,5,4,0,20,9,61,12,18,4,4,0,0,1,55,45,7,29,71,20,306,100,567,159,407,192,128,193,567,28,72,100,15985,77,38,19,12,1422,865,490,0,0,0,0,0,26,0,0,0,0,41,557,321,358,214,13,13,13,13,13,31,13,13,13,13,97,481,34,0,0,2,0,0,100,0,3,0,39,61,0,0,0,88%,75%,38%,12%,7%,20%,6%,21%,81%,30%,0.32,0.53,33,0.45,450,0.057,0.096,0.75,8,69.3,7.45,3.5,3600,44%,32%,12%,4%,5%,20%,6%,19%,38%,14%,0.089,0.278,25,0.31,190,5.8,0.077,0.38,0.71,66.1,5.87,1.7,2800,89,96,94,89,71,65,61,62,95,94,90,94,43,54,91,52,80,87,99,69,92,86,92,97,98,99,97,98,91,97,97,99,98,98,97,99,96,97,99,97,98,91,97,97,98,97,96,96,97,39%,31%,12%,5%,6%,17%,6%,20%,35%,14%,0.3,0.261,25,0.31,210,22,0.13,0.43,1.9,61.6,8.08,3.9,4600,87,95,95,87,70,66,62,61,96,94,60,92,52,70,89,79,65,83,94,92,31,70,81,90,98,97,98,98,97,93,97,99,99,73,93,97,89,98,97,98,97,96,93,96,98,98,71,93,97,AZ,ARIZONA,9,1493,0,0,2,0,1,0,3,0,1,No,Yes,Yes,Yes,No,Yes,No,Yes,-12476612.87633356,3953669.0614400124,3,0,47,1.0024186,0,9035,blockgroup,0.27,"Phoenix, AZ",77.4,21%,7.9,12.3,4.1,11.5%,55%,15%,3%,5%,0%,0%,78.5,19%,6,10.6,6.1,13.9%,13%,10%,6%,7%,48%,53%,37,62,80,93,20,43,97,77,60,64,0,0,78.5,20%,6.1,10,6.1,13.4%,14%,9%,12%,13%,14%,19%,38,61,81,93,11,43,98,84,31,37,0,0,"list(c(-112.075083619174, -112.079186313111, -112.079276091639, -112.082508090793, -112.082562866465, -112.084740512071, -112.084760551689, -112.086998316147, -112.087007890391, -112.075088869827, -112.075083619174, 33.4331452880312, 33.4331752036234, 33.4361122198556, 33.4360951189574, 33.4399435397087, 33.4399435397087, 33.440397772458, 33.4403710526857, 33.4422171458319, 33.4422312059284, 33.4331452880312))"
AZ,Phoenix,NA,D4,D,8495,"{ ""1"" : ""This section, lying outside the city limits, is very ragged, occupied by Mexicans, Negroes and the low class of white people. There is no sale for property herein."" }",5121,4728,2334,1024,147,132,0,666,819,3479,393,912,123,114,0,0,100,2357,2764,556,1918,3203,647,1856,514,349,543,308,142,2145,323,1856,373,1483,2751,522,541,894,565,73,155,4566,2333,2233,1623,106,257,246,503,609,1.05,0,198,121,4,73,0,766,3346,1792,1554,69,3638,5107,724,5273,383,385,303,209,89,73,13,169,317,367,130,204,89,73,13,13,45,247,238,105,182,288,230,192,12012,122,59,90,191,46,194,58,192,67,193,238,97,104,227,117,46,71,351,263,216,186,53,105,97,143,152,73,52,13,49,13,125,252,215,180,37,507,383,164,264,100,21,20,3,19,6,33,36,13,115,2,6,16,5,51,11,49,100,28,8,100,19,17,29,100,0,37,2,61,54,46,100,4,100,71,4896,92,100,0,4303,856,5121,1643,100,84,46,20,3,3,0,13,16,68,8,18,2,2,0,0,2,46,54,11,37,63,13,383,100,1856,373,1483,192,67,193,1856,20,80,100,13065,75,39,15,11,4292,2123,2018,0,0,0,4,5,100,5,0,4,0,33,2169,466,358,376,13,13,13,13,13,72,13,13,13,13,97,531,47,0,0,2,0,0,100,0,1,0,51,49,0,0,0,92%,71%,39%,11%,11%,13%,4%,23%,82%,29%,0.27,0.523,30,0.45,380,0.064,0.09,1,9,69.1,7.51,2.1,5000,44%,32%,12%,4%,5%,20%,6%,19%,38%,14%,0.089,0.278,25,0.31,190,5.8,0.077,0.38,0.71,66.1,5.87,1.7,2800,92,94,94,87,88,45,49,86,96,93,88,94,43,54,88,53,78,91,99,67,93,73,93,97,98,96,97,97,91,97,98,99,98,98,90,99,96,97,95,97,97,90,96,97,98,96,96,88,97,39%,31%,12%,5%,6%,17%,6%,20%,35%,14%,0.3,0.261,25,0.31,210,22,0.13,0.43,1.9,61.6,8.08,3.9,4600,90,94,95,86,88,37,50,80,96,94,55,92,52,70,87,80,63,89,95,92,32,60,86,89,98,95,98,97,97,92,98,99,99,75,85,98,88,97,94,97,96,96,92,96,98,98,72,84,97,AZ,ARIZONA,9,5121,0,3,8,2,2,7,0,2,15,No,Yes,Yes,Yes,No,Yes,Yes,Yes,-12477512.030231347,3953159.7783518825,6,0,105,1.121589,0,9035,blockgroup,1.09,"Phoenix, AZ",75.2,23%,8,13,4.2,13.7%,47%,16%,2%,3%,2%,2%,78.5,19%,6,10.6,6.1,13.9%,13%,10%,6%,7%,48%,53%,12,86,81,96,25,57,96,80,53,56,43,38,78.5,20%,6.1,10,6.1,13.4%,14%,9%,12%,13%,14%,19%,19,80,83,95,14,58,97,87,24,27,79,73,"list(c(-112.087007890391, -112.086998316147, -112.084760551689, -112.084740512071, -112.082562866465, -112.082508090793, -112.079276091639, -112.079186313111, -112.075083619174, -112.075082186361, -112.075099287589, -112.091084088519, -112.091156683174, -112.091182334567, -112.100078884425, -112.100369593624, -112.100332460863, -112.095701148806, -112.095701157789, -112.095701199111, -112.091476961319, -112.087018355764, -112.087007890391, 33.4422171458319, 33.4403710526857, 33.440397772458, 33.4399435397087, 
33.4399435397087, 33.4360951189574, 33.4361122198556, 33.4331752036234, 33.4331452880312, 33.4331452775359, 33.4257963253038, 33.425889564408, 33.4365782090388, 33.436710737925, 33.4367534891112, 33.4368817432932, 33.4441260628697, 33.4441494683625, 33.4441574093632, 33.4441948768745, 33.444214383061, 33.4442349708791, 33.4422171458319))"
AZ,Phoenix,NA,D5,D,8498,"{ ""1"" : ""This wide area, all outside the city limits, is occupied by low salaried working people, but the district has suffered no encroachment by Negroes, Mexicans, etc. Most of the houses therein are small frame houses, but the surroundings are well ke",1621,1379,969,1,83,0,0,234,334,1329,242,1,49,0,0,0,0,980,641,35,317,1304,187,530,115,49,188,96,82,652,149,530,149,381,1143,241,196,307,199,77,123,1586,648,938,617,123,140,58,198,321,2.1,0,44,44,0,0,0,181,1343,760,583,76,1032,1613,188,1631,302,319,314,257,210,13,13,141,217,336,103,257,88,13,13,13,22,216,243,142,203,220,125,128,10191,106,121,92,61,53,123,63,128,128,108,254,130,78,101,97,79,81,296,228,283,251,80,99,62,112,136,45,39,13,13,13,105,292,187,265,58,340,309,76,302,100,17,17,7,21,11,27,39,20,103,8,9,12,4,41,12,59,100,22,15,100,9,18,35,100,0,0,0,100,57,43,100,10,100,64,772,85,100,0,1287,948,1621,292,100,79,60,0,5,0,0,14,21,82,15,0,3,0,0,0,0,60,40,2,20,80,12,302,100,530,149,381,128,128,108,530,28,72,100,11639,41,38,23,8,2853,1186,1572,0,0,0,1,2,26,2,0,1,0,63,1667,318,304,292,13,13,13,13,13,72,13,13,13,13,46,440,55,0,0,1,0,0,100,0,2,0,58,42,0,0,0,85%,64%,38%,8%,2%,12%,10%,26%,75%,30%,0.4,0.492,30,0.47,530,0.067,0.11,0.49,7,69.4,7.35,5.8,1700,44%,32%,12%,4%,5%,20%,6%,19%,38%,14%,0.089,0.278,25,0.31,190,5.8,0.077,0.38,0.71,66.1,5.87,1.7,2800,87,90,94,83,28,41,81,97,91,94,92,91,43,54,93,53,84,81,99,71,88,94,86,96,96,94,97,98,89,96,94,98,97,95,97,95,96,97,95,98,98,91,97,95,98,97,96,97,96,39%,31%,12%,5%,6%,17%,6%,20%,35%,14%,0.3,0.261,25,0.31,210,22,0.13,0.43,1.9,61.6,8.08,3.9,4600,86,91,95,82,24,33,81,94,92,94,66,90,52,70,91,80,70,76,93,92,28,80,70,91,97,93,98,97,95,92,93,97,98,68,94,93,92,98,94,98,97,96,94,94,97,98,67,95,94,AZ,ARIZONA,9,1621,0,2,9,1,2,5,3,1,6,No,Yes,Yes,Yes,No,Yes,Yes,Yes,-12473283.142757595,3953285.850498395,7,1,71,0.934947,0,9035,blockgroup,2.00,"Phoenix, AZ",71.4,26%,7,11.2,3.9,11.6%,29%,21%,3%,3%,0%,0%,78.5,19%,6,10.6,6.1,13.9%,13%,10%,6%,7%,48%,53%,2,97,70,76,18,43,88,89,57,57,0,0,78.5,20%,6.1,10,6.1,13.4%,14%,9%,12%,13%,14%,19%,3,94,67,82,10,43,87,93,28,28,0,0,"list(c(-112.030657059505, -112.030880597179, -112.072436905666, -112.072429282562, -112.068641967358, -112.068645718723, -112.065095477905, -112.06510006111, -112.048704443532, -112.047309826121, -112.047463579969, -112.047459444125, -112.030662525754, -112.030657059505, 33.4443653697753, 33.4294376134085, 33.4294385715282, 33.4369442668384, 33.4369375875673, 33.4400400401638, 33.4400581665015, 33.4402329807834, 33.4401449166534, 33.4401897170793, 33.4443184854416, 33.4443184966852, 33.4443653547838, 
33.4443653697753))"
AZ,Phoenix,NA,D6,D,8499,"{ ""1"" : ""In the Negro section are some very good homes, considering their occupancy by colored people. Other houses in the area are cheap. There is within this area a mixed occupancy, including Mexicans, foreigners, etc."" }",2358,1796,1162,338,156,80,0,298,324,1283,562,338,63,80,0,0,32,1100,1258,203,532,1826,174,1177,304,246,238,113,276,1333,104,1177,152,1025,1254,119,206,257,217,66,389,2155,1210,945,716,64,99,67,166,229,0.78,0,54,41,13,0,0,401,1886,1266,619,112,1364,2358,267,2385,243,290,314,257,210,37,13,118,216,336,175,257,65,37,13,13,29,165,243,142,203,204,90,150,16492,106,155,77,61,133,142,63,150,71,151,173,76,78,101,139,50,162,248,200,226,178,58,98,59,112,127,45,39,39,13,13,105,244,205,166,58,322,243,77,174,100,17,16,5,9,31,21,33,11,111,3,5,12,3,56,8,44,100,26,23,100,21,10,20,100,0,0,25,75,67,33,100,9,100,58,3006,76,100,0,2034,949,2358,1075,100,86,49,14,7,3,0,13,14,54,24,14,3,3,0,0,1,47,53,9,23,77,7,243,100,1177,152,1025,150,71,151,1177,13,87,100,25454,0,26,8,5,1838,1186,557,10,0,26,60,0,0,0,0,0,0,0,652,339,310,130,66,13,39,66,13,13,13,13,13,13,13,459,30,0,0,0,0,0,100,1,0,1,35,65,0,3,0,76%,58%,26%,5%,9%,7%,9%,N/A,67%,26%,0.17,0.575,30,0.5,770,0.024,0.14,0.22,5.8,69.6,7.28,4.3,1500,44%,32%,12%,4%,5%,20%,6%,19%,38%,14%,0.089,0.278,25,0.31,190,5.8,0.077,0.38,0.71,66.1,5.87,1.7,2800,82,85,85,74,79,24,77,N/A,86,88,82,97,43,95,96,44,89,66,98,74,86,90,84,83,95,90,97,97,79,96,85,95,96,92,94,92,85,96,92,98,97,81,96,86,96,96,93,94,93,39%,31%,12%,5%,6%,17%,6%,20%,35%,14%,0.3,0.261,25,0.31,210,22,0.13,0.43,1.9,61.6,8.08,3.9,4600,81,87,88,74,79,16,78,N/A,88,90,44,94,52,92,94,74,76,60,91,93,27,74,67,76,95,90,97,96,92,92,83,95,96,62,90,90,74,96,91,98,96,93,93,84,96,97,58,91,91,AZ,ARIZONA,9,2358,0,0,8,2,2,1,3,0,13,No,Yes,Yes,Yes,No,Yes,Yes,Yes,-12472960.857554223,3954896.2780784345,5,0,79,1.0009002,0,9035,blockgroup,0.74,"Phoenix, AZ",N/A,N/A,5.8,11.8,3.7,11.2%,15%,15%,4%,5%,0%,0%,78.5,19%,6,10.6,6.1,13.9%,13%,10%,6%,7%,48%,53%,N/A,N/A,55,86,12,40,68,76,63,64,0,0,78.5,20%,6.1,10,6.1,13.4%,14%,9%,12%,13%,14%,19%,N/A,N/A,46,88,7,40,62,84,35,38,0,0,"list(c(-112.030662525754, -112.047459444125, -112.047496439444, -112.065030150621, -112.065147536174, -112.030572130982, -112.030662525754, 33.4443653547838, 33.4443184966852, 33.4459724021691, 33.4459044927943, 33.4504997430435, 33.4506841488638, 33.4443653547838))"
AZ,Phoenix,NA,D7,D,8491,"{ ""1"" : ""This area, outside the city limits, contains a number of reasonably good small homes of working people, but is without prospects of development."" }",2869,2650,1574,767,56,4,0,184,283,1877,219,673,56,4,0,0,39,1364,1505,282,1127,1742,209,1030,453,204,196,92,84,1205,150,1030,73,956,1300,284,349,401,203,33,30,2587,1213,1374,947,125,207,96,303,428,0.44,0,134,127,0,0,7,615,1787,882,906,115,2520,2869,320,2911,764,773,463,724,83,13,13,120,229,401,118,724,83,13,13,13,26,265,536,168,367,255,78,188,3511,94,152,92,67,69,197,74,188,44,187,199,98,170,89,96,37,49,622,460,286,247,82,95,62,113,140,57,52,13,13,13,169,284,178,179,90,764,764,58,382,100,16,27,3,22,2,31,37,17,113,5,8,12,4,47,12,53,100,44,8,100,20,9,19,100,5,0,0,95,49,51,100,13,100,88,6592,92,100,0,2586,1416,2869,991,100,90,55,27,2,0,0,6,10,65,8,23,2,0,0,0,1,48,52,10,39,61,7,764,100,1030,73,956,188,44,187,1030,7,93,100,9152,76,49,12,13,2777,1289,1474,0,0,0,0,0,0,0,0,3,0,11,1488,816,672,537,13,13,13,13,13,13,13,13,11,13,21,1057,53,0,0,0,0,0,100,0,0,0,54,46,0,0,0,92%,88%,49%,13%,10%,7%,13%,22%,90%,38%,0.19,0.58,30,0.5,720,0.02,0.16,0.18,4.3,69.8,7.2,4.7,1300,44%,32%,12%,4%,5%,20%,6%,19%,38%,14%,0.089,0.278,25,0.31,190,5.8,0.077,0.38,0.71,66.1,5.87,1.7,2800,92,99,97,90,85,23,88,82,99,99,84,98,43,95,96,41,92,59,96,78,85,91,81,99,99,98,99,99,87,99,90,99,99,98,99,98,99,99,99,99,99,90,99,94,99,99,98,99,99,39%,31%,12%,5%,6%,17%,6%,20%,35%,14%,0.3,0.261,25,0.31,210,22,0.13,0.43,1.9,61.6,8.08,3.9,4600,90,98,98,88,85,16,88,78,98,98,46,94,52,92,93,73,80,52,87,93,25,76,64,88,99,96,99,99,97,98,89,99,99,70,97,95,91,99,97,99,99,98,98,92,99,99,72,98,97,AZ,ARIZONA,9,2869,0,0,3,0,0,0,1,4,2,No,Yes,Yes,Yes,No,Yes,Yes,No,-12472138.127324998,3955928.6878354973,2,0,35,0.9243523,0,9035,blockgroup,0.42,"Phoenix, AZ",75.6,22%,8.1,12.5,4.2,11%,55%,18%,2%,2%,0%,0%,78.5,19%,6,10.6,6.1,13.9%,13%,10%,6%,7%,48%,53%,18,82,82,94,25,39,97,83,54,52,0,0,78.5,20%,6.1,10,6.1,13.4%,14%,9%,12%,13%,14%,19%,22,78,85,94,14,39,98,89,25,23,0,0,"list(c(-112.047686886775, -112.047686716994, -112.030519429519, -112.030584282493, -112.047597094773, -112.047731908541, -112.047686886775, 33.4586786634271, 33.4586305847126, 33.4586401034788, 33.4525188002245, 33.4524122673011, 33.4586786814139, 33.4586786634271))"
AZ,Phoenix,NA,D8,D,8497,"{ ""1"" : ""This area resembles D-3 in every respect, being occupied largely by Mexicans, Negroes, and the lower classes of white working people. The security is old and poor. The area suffers from its proximity to the railroad yards and other industrial de",177,146,68,27,14,0,0,49,19,106,31,27,9,0,0,0,3,123,54,4,23,154,23,89,13,27,18,11,20,130,36,89,52,38,120,31,13,33,11,12,20,173,120,53,46,3,1,2,4,7,0.1,0,0,0,0,0,0,13,161,100,61,5,101,175,11,177,302,319,152,117,60,13,13,141,120,187,103,117,54,13,13,13,22,181,175,27,104,220,125,128,10191,36,121,48,35,44,123,57,128,128,53,174,130,43,85,46,68,57,296,228,148,143,44,44,45,63,77,26,13,13,13,13,29,292,173,265,27,340,309,67,302,100,9,11,10,26,17,27,27,4,102,2,1,6,1,69,2,31,100,15,23,100,30,12,21,0,0,0,0,0,62,38,100,5,100,58,1820,82,100,0,158,496,177,71,100,89,38,15,8,0,0,28,11,60,18,15,5,0,0,0,2,69,31,2,13,87,13,302,100,89,52,38,128,128,53,89,58,42,100,24301,76,37,28,0,N/A,N/A,N/A,N/A,N/A,N/A,N/A,N/A,N/A,N/A,N/A,N/A,N/A,N/A,N/A,N/A,N/A,N/A,N/A,N/A,N/A,N/A,N/A,N/A,N/A,N/A,N/A,N/A,N/A,N/A,N/A,N/A,N/A,N/A,N/A,N/A,N/A,N/A,N/A,N/A,N/A,N/A,N/A,N/A,N/A,82%,58%,37%,0%,2%,13%,5%,22%,70%,25%,0.52,0.591,40,0.5,400,0.043,0.1,0.73,6.9,69.4,7.43,3.1,2800,44%,32%,12%,4%,5%,20%,6%,19%,38%,14%,0.089,0.278,25,0.31,190,5.8,0.077,0.38,0.71,66.1,5.87,1.7,2800,86,85,93,0,27,45,60,82,88,86,95,98,96,95,89,50,81,87,99,71,91,84,91,96,96,99,97,96,86,95,94,96,96,94,94,96,93,95,99,97,95,84,94,93,95,94,94,92,94,39%,31%,12%,5%,6%,17%,6%,20%,35%,14%,0.3,0.261,25,0.31,210,22,0.13,0.43,1.9,61.6,8.08,3.9,4600,84,87,95,0,23,38,61,78,90,88,75,94,94,92,88,77,66,83,93,92,30,67,78,93,96,98,98,95,93,89,94,96,97,68,88,94,91,96,98,97,94,93,89,93,95,96,62,87,93,AZ,ARIZONA,9,177,0,0,0,0,0,0,0,0,0,No,Yes,Yes,Yes,No,Yes,No,Yes,-12475518.30423711,3953860.4752227236,1,0,14,0.8771679,0,9035,blockgroup,0.11,"Phoenix, AZ",75.6,22%,6.1,12.6,3,6.2%,39%,12%,4%,5%,0%,0%,78.5,19%,6,10.6,6.1,13.9%,13%,10%,6%,7%,48%,53%,18,82,61,95,5,7,94,65,64,66,0,0,78.5,20%,6.1,10,6.1,13.4%,14%,9%,12%,13%,14%,19%,22,78,52,94,2,9,94,75,37,41,0,0,"list(c(-112.068645718723, -112.068641967358, -112.072429282562, -112.072429466717, -112.072429728127, -112.072432459903, -112.065155329958, -112.06510006111, -112.065095477905, -112.068645718723, 33.4400400401638, 33.4369375875673, 33.4369442668384, 33.4369442668384, 33.4369458433262, 33.442283629372, 33.442341087037, 33.4402329807834, 33.4400581665015, 33.4400400401638))"
